COUNTRY,INDICATOR,PRICE_TYPE,TYPE_OF_TRANSFORMATION,FREQUENCY,TIME_PERIOD,OBS_VALUE,SCALE
Benin,Exports of goods,Constant prices,Domestic currency,Annual,1999,6.09E+11,
Benin,Exports of goods,Constant prices,Domestic currency,Annual,2000,5.80E+11,
Benin,Exports of goods,Constant prices,Domestic currency,Annual,2001,6.07E+11,
Benin,Exports of goods,Constant prices,Domestic currency,Annual,2002,6.85E+11,
Benin,Exports of goods,Constant prices,Domestic currency,Annual,2003,7.08E+11,
Benin,Exports of goods,Constant prices,Domestic currency,Annual,2004,6.39E+11,
Benin,Exports of goods,Constant prices,Domestic currency,Annual,2005,7.40E+11,
Benin,Exports of goods,Constant prices,Domestic currency,Annual,2006,7.28E+11,
Benin,Exports of goods,Constant prices,Domestic currency,Annual,2007,9.26E+11,
Benin,Exports of goods,Constant prices,Domestic currency,Annual,2008,1.03E+12,
Benin,Exports of goods,Constant prices,Domestic currency,Annual,2009,1.00E+12,
Benin,Exports of goods,Constant prices,Domestic currency,Annual,2010,1.02E+12,
Benin,Exports of goods,Constant prices,Domestic currency,Annual,2011,8.79E+11,
Benin,Exports of goods,Constant prices,Domestic currency,Annual,2012,1.12E+12,
Benin,Exports of goods,Constant prices,Domestic currency,Annual,2013,1.42E+12,
Benin,Exports of goods,Constant prices,Domestic currency,Annual,2014,1.84E+12,
Benin,Exports of goods,Constant prices,Domestic currency,Annual,2015,1.41E+12,
Benin,Exports of goods,Constant prices,Domestic currency,Annual,2016,1.63E+12,
Benin,Exports of goods,Constant prices,Domestic currency,Annual,2017,1.75E+12,
Benin,Exports of goods,Constant prices,Domestic currency,Annual,2018,1.84E+12,
Benin,Exports of goods,Constant prices,Domestic currency,Annual,2019,1.98E+12,
Benin,Exports of goods,Constant prices,Domestic currency,Annual,2020,1.47E+12,
Benin,Exports of goods,Constant prices,Domestic currency,Annual,2021,1.68E+12,
Benin,Exports of goods,Constant prices,Domestic currency,Annual,2022,2.01E+12,
Benin,Exports of services,Current prices,Domestic currency,Annual,1969,29472936937,
Benin,Exports of services,Current prices,Domestic currency,Annual,1970,24498656409,
Benin,Exports of services,Current prices,Domestic currency,Annual,1971,20942080277,
Benin,Exports of services,Current prices,Domestic currency,Annual,1972,33136585520,
Benin,Exports of services,Current prices,Domestic currency,Annual,1973,32032163415,
Benin,Exports of services,Current prices,Domestic currency,Annual,1974,33036780338,
Benin,Exports of services,Current prices,Domestic currency,Annual,1975,4771470536,
Benin,Exports of services,Current prices,Domestic currency,Annual,1976,5584521013,
Benin,Exports of services,Current prices,Domestic currency,Annual,1977,-4960586502,
Benin,Exports of services,Current prices,Domestic currency,Annual,1978,-3590960099,
Benin,Exports of services,Current prices,Domestic currency,Annual,1979,-5702406535,
Benin,Exports of services,Current prices,Domestic currency,Annual,1999,99185420723,
Benin,Exports of services,Current prices,Domestic currency,Annual,2000,95964590101,
Benin,Exports of services,Current prices,Domestic currency,Annual,2001,1.02E+11,
Benin,Exports of services,Current prices,Domestic currency,Annual,2002,1.05E+11,
Benin,Exports of services,Current prices,Domestic currency,Annual,2003,1.05E+11,
Benin,Exports of services,Current prices,Domestic currency,Annual,2004,1.23E+11,
Benin,Exports of services,Current prices,Domestic currency,Annual,2005,1.10E+11,
Benin,Exports of services,Current prices,Domestic currency,Annual,2006,1.22E+11,
Benin,Exports of services,Current prices,Domestic currency,Annual,2007,1.61E+11,
Benin,Exports of services,Current prices,Domestic currency,Annual,2008,1.74E+11,
Benin,Exports of services,Current prices,Domestic currency,Annual,2009,1.48E+11,
Benin,Exports of services,Current prices,Domestic currency,Annual,2010,1.92E+11,
Benin,Exports of services,Current prices,Domestic currency,Annual,2011,2.18E+11,
Benin,Exports of services,Current prices,Domestic currency,Annual,2012,2.54E+11,
Benin,Exports of services,Current prices,Domestic currency,Annual,2013,2.59E+11,
Benin,Exports of services,Current prices,Domestic currency,Annual,2014,2.37E+11,
Benin,Exports of services,Current prices,Domestic currency,Annual,2015,2.50E+11,
Benin,Exports of services,Current prices,Domestic currency,Annual,2016,2.54E+11,
Benin,Exports of services,Current prices,Domestic currency,Annual,2017,2.76E+11,
Benin,Exports of services,Current prices,Domestic currency,Annual,2018,3.03E+11,
Benin,Exports of services,Current prices,Domestic currency,Annual,2019,3.54E+11,
Benin,Exports of services,Current prices,Domestic currency,Annual,2020,2.67E+11,
Benin,Exports of services,Current prices,Domestic currency,Annual,2021,2.81E+11,
Benin,Exports of services,Current prices,Domestic currency,Annual,2022,3.14E+11,
Benin,Exports of goods and services,Constant prices,Domestic currency,Annual,1999,7.95E+11,
Benin,Exports of goods and services,Constant prices,Domestic currency,Annual,2000,7.11E+11,
Benin,Exports of goods and services,Constant prices,Domestic currency,Annual,2001,7.45E+11,
Benin,Exports of goods and services,Constant prices,Domestic currency,Annual,2002,8.20E+11,
Benin,Exports of goods and services,Constant prices,Domestic currency,Annual,2003,8.35E+11,
Benin,Exports of goods and services,Constant prices,Domestic currency,Annual,2004,7.91E+11,
Benin,Exports of goods and services,Constant prices,Domestic currency,Annual,2005,8.71E+11,
Benin,Exports of goods and services,Constant prices,Domestic currency,Annual,2006,8.68E+11,
Benin,Exports of goods and services,Constant prices,Domestic currency,Annual,2007,1.10E+12,
Benin,Exports of goods and services,Constant prices,Domestic currency,Annual,2008,1.22E+12,
Benin,Exports of goods and services,Constant prices,Domestic currency,Annual,2009,1.16E+12,
Benin,Exports of goods and services,Constant prices,Domestic currency,Annual,2010,1.21E+12,
Benin,Exports of goods and services,Constant prices,Domestic currency,Annual,2011,1.09E+12,
Benin,Exports of goods and services,Constant prices,Domestic currency,Annual,2012,1.36E+12,
Benin,Exports of goods and services,Constant prices,Domestic currency,Annual,2013,1.67E+12,
Benin,Exports of goods and services,Constant prices,Domestic currency,Annual,2014,2.08E+12,
Benin,Exports of goods and services,Constant prices,Domestic currency,Annual,2015,1.66E+12,
Benin,Exports of goods and services,Constant prices,Domestic currency,Annual,2016,1.89E+12,
Benin,Exports of goods and services,Constant prices,Domestic currency,Annual,2017,2.02E+12,
Benin,Exports of goods and services,Constant prices,Domestic currency,Annual,2018,2.12E+12,
Benin,Exports of goods and services,Constant prices,Domestic currency,Annual,2019,2.30E+12,
Benin,Exports of goods and services,Constant prices,Domestic currency,Annual,2020,1.73E+12,
Benin,Exports of goods and services,Constant prices,Domestic currency,Annual,2021,1.95E+12,
Benin,Exports of goods and services,Constant prices,Domestic currency,Annual,2022,2.32E+12,
Benin,Gross domestic product (GDP),Current prices,Domestic currency,Annual,1962,1.48E+11,
Benin,Gross domestic product (GDP),Current prices,Domestic currency,Annual,1963,1.69E+11,
Benin,Gross domestic product (GDP),Current prices,Domestic currency,Annual,1964,1.88E+11,
Benin,Gross domestic product (GDP),Current prices,Domestic currency,Annual,1965,2.03E+11,
Benin,Gross domestic product (GDP),Current prices,Domestic currency,Annual,1966,2.18E+11,
Benin,Gross domestic product (GDP),Current prices,Domestic currency,Annual,1967,2.28E+11,
Benin,Gross domestic product (GDP),Current prices,Domestic currency,Annual,1968,2.44E+11,
Benin,Gross domestic product (GDP),Current prices,Domestic currency,Annual,1969,2.57E+11,
Benin,Gross domestic product (GDP),Current prices,Domestic currency,Annual,1970,2.78E+11,
Benin,Gross domestic product (GDP),Current prices,Domestic currency,Annual,1971,2.92E+11,
Benin,Gross domestic product (GDP),Current prices,Domestic currency,Annual,1972,3.30E+11,
Benin,Gross domestic product (GDP),Current prices,Domestic currency,Annual,1973,3.61E+11,
Benin,Gross domestic product (GDP),Current prices,Domestic currency,Annual,1974,3.82E+11,
Benin,Gross domestic product (GDP),Current prices,Domestic currency,Annual,1975,2.61E+11,
Benin,Gross domestic product (GDP),Current prices,Domestic currency,Annual,1976,2.95E+11,
Benin,Gross domestic product (GDP),Current prices,Domestic currency,Annual,1977,3.42E+11,
Benin,Gross domestic product (GDP),Current prices,Domestic currency,Annual,1978,3.82E+11,
Benin,Gross domestic product (GDP),Current prices,Domestic currency,Annual,1979,4.48E+11,
Benin,Gross domestic product (GDP),Current prices,Domestic currency,Annual,1999,2.26E+12,
Benin,Gross domestic product (GDP),Current prices,Domestic currency,Annual,2000,2.50E+12,
Benin,Gross domestic product (GDP),Current prices,Domestic currency,Annual,2001,2.69E+12,
Benin,Gross domestic product (GDP),Current prices,Domestic currency,Annual,2002,2.91E+12,
Benin,Gross domestic product (GDP),Current prices,Domestic currency,Annual,2003,3.10E+12,
Benin,Gross domestic product (GDP),Current prices,Domestic currency,Annual,2004,3.26E+12,
Benin,Gross domestic product (GDP),Current prices,Domestic currency,Annual,2005,3.46E+12,
Benin,Gross domestic product (GDP),Current prices,Domestic currency,Annual,2006,3.67E+12,
Benin,Gross domestic product (GDP),Current prices,Domestic currency,Annual,2007,3.91E+12,
Benin,Gross domestic product (GDP),Current prices,Domestic currency,Annual,2008,4.37E+12,
Benin,Gross domestic product (GDP),Current prices,Domestic currency,Annual,2009,4.58E+12,
Benin,Gross domestic product (GDP),Current prices,Domestic currency,Annual,2010,4.72E+12,
Benin,Gross domestic product (GDP),Current prices,Domestic currency,Annual,2011,5.04E+12,
Benin,Gross domestic product (GDP),Current prices,Domestic currency,Annual,2012,5.69E+12,
Benin,Gross domestic product (GDP),Current prices,Domestic currency,Annual,2013,6.18E+12,
Benin,Gross domestic product (GDP),Current prices,Domestic currency,Annual,2014,6.56E+12,
Benin,Gross domestic product (GDP),Current prices,Domestic currency,Annual,2015,6.73E+12,
Benin,Gross domestic product (GDP),Current prices,Domestic currency,Annual,2016,7.01E+12,
Benin,Gross domestic product (GDP),Current prices,Domestic currency,Annual,2017,7.38E+12,
Benin,Gross domestic product (GDP),Current prices,Domestic currency,Annual,2018,7.92E+12,
Benin,Gross domestic product (GDP),Current prices,Domestic currency,Annual,2019,8.43E+12,
Benin,Gross domestic product (GDP),Current prices,Domestic currency,Annual,2020,9.01E+12,
Benin,Gross domestic product (GDP),Current prices,Domestic currency,Annual,2021,9.81E+12,
Benin,Gross domestic product (GDP),Current prices,Domestic currency,Annual,2022,1.09E+13,
Benin,Gross domestic product (GDP),Current prices,Domestic currency,Annual,2023,1.19E+13,
Benin,Exports of goods,Current prices,Domestic currency,Annual,1952,3653407936,
Benin,Exports of goods,Current prices,Domestic currency,Annual,1953,4905090572,
Benin,Exports of goods,Current prices,Domestic currency,Annual,1954,4722513194,
Benin,Exports of goods,Current prices,Domestic currency,Annual,1955,5162955150,
Benin,Exports of goods,Current prices,Domestic currency,Annual,1956,5036846850,
Benin,Exports of goods,Current prices,Domestic currency,Annual,1957,5093313699,
Benin,Exports of goods,Current prices,Domestic currency,Annual,1958,7229644230,
Benin,Exports of goods,Current prices,Domestic currency,Annual,1959,5328592162,
Benin,Exports of goods,Current prices,Domestic currency,Annual,1960,8488854828,
Benin,Exports of goods,Current prices,Domestic currency,Annual,1961,6738382064,
Benin,Exports of goods,Current prices,Domestic currency,Annual,1962,5082007044,
Benin,Exports of goods,Current prices,Domestic currency,Annual,1963,6006008446,
Benin,Exports of goods,Current prices,Domestic currency,Annual,1964,8778011316,
Benin,Exports of goods,Current prices,Domestic currency,Annual,1965,8316010392,
Benin,Exports of goods,Current prices,Domestic currency,Annual,1966,8778011316,
Benin,Exports of goods,Current prices,Domestic currency,Annual,1967,10626014121,
Benin,Exports of goods,Current prices,Domestic currency,Annual,1968,15246021578,
Benin,Exports of goods,Current prices,Domestic currency,Annual,1969,20900715020,
Benin,Exports of goods,Current prices,Domestic currency,Annual,1970,30145523293,
Benin,Exports of goods,Current prices,Domestic currency,Annual,1971,36306825493,
Benin,Exports of goods,Current prices,Domestic currency,Annual,1972,31660110399,
Benin,Exports of goods,Current prices,Domestic currency,Annual,1973,38794885187,
Benin,Exports of goods,Current prices,Domestic currency,Annual,1974,41895749351,
Benin,Exports of goods,Current prices,Domestic currency,Annual,1975,46527403171,
Benin,Exports of goods,Current prices,Domestic currency,Annual,1976,52323436487,
Benin,Exports of goods,Current prices,Domestic currency,Annual,1977,72189067859,
Benin,Exports of goods,Current prices,Domestic currency,Annual,1978,78526950390,
Benin,Exports of goods,Current prices,Domestic currency,Annual,1979,93297484374,
Benin,Exports of goods,Current prices,Domestic currency,Annual,1999,4.22E+11,
Benin,Exports of goods,Current prices,Domestic currency,Annual,2000,4.19E+11,
Benin,Exports of goods,Current prices,Domestic currency,Annual,2001,4.31E+11,
Benin,Exports of goods,Current prices,Domestic currency,Annual,2002,4.69E+11,
Benin,Exports of goods,Current prices,Domestic currency,Annual,2003,4.74E+11,
Benin,Exports of goods,Current prices,Domestic currency,Annual,2004,4.82E+11,
Benin,Exports of goods,Current prices,Domestic currency,Annual,2005,5.30E+11,
Benin,Exports of goods,Current prices,Domestic currency,Annual,2006,5.41E+11,
Benin,Exports of goods,Current prices,Domestic currency,Annual,2007,7.01E+11,
Benin,Exports of goods,Current prices,Domestic currency,Annual,2008,7.92E+11,
Benin,Exports of goods,Current prices,Domestic currency,Annual,2009,7.65E+11,
Benin,Exports of goods,Current prices,Domestic currency,Annual,2010,8.96E+11,
Benin,Exports of goods,Current prices,Domestic currency,Annual,2011,8.33E+11,
Benin,Exports of goods,Current prices,Domestic currency,Annual,2012,1.11E+12,
Benin,Exports of goods,Current prices,Domestic currency,Annual,2013,1.45E+12,
Benin,Exports of goods,Current prices,Domestic currency,Annual,2014,1.82E+12,
Benin,Exports of goods,Current prices,Domestic currency,Annual,2015,1.41E+12,
Benin,Exports of goods,Current prices,Domestic currency,Annual,2016,1.68E+12,
Benin,Exports of goods,Current prices,Domestic currency,Annual,2017,1.73E+12,
Benin,Exports of goods,Current prices,Domestic currency,Annual,2018,1.86E+12,
Benin,Exports of goods,Current prices,Domestic currency,Annual,2019,2.14E+12,
Benin,Exports of goods,Current prices,Domestic currency,Annual,2020,1.52E+12,
Benin,Exports of goods,Current prices,Domestic currency,Annual,2021,1.77E+12,
Benin,Exports of goods,Current prices,Domestic currency,Annual,2022,2.04E+12,
Benin,Exports of goods and services,Current prices,Domestic currency,Annual,1969,50373651957,
Benin,Exports of goods and services,Current prices,Domestic currency,Annual,1970,54644179702,
Benin,Exports of goods and services,Current prices,Domestic currency,Annual,1971,57248905770,
Benin,Exports of goods and services,Current prices,Domestic currency,Annual,1972,64796695919,
Benin,Exports of goods and services,Current prices,Domestic currency,Annual,1973,70827048601,
Benin,Exports of goods and services,Current prices,Domestic currency,Annual,1974,74932529689,
Benin,Exports of goods and services,Current prices,Domestic currency,Annual,1975,51298873707,
Benin,Exports of goods and services,Current prices,Domestic currency,Annual,1976,57907957500,
Benin,Exports of goods and services,Current prices,Domestic currency,Annual,1977,67228481357,
Benin,Exports of goods and services,Current prices,Domestic currency,Annual,1978,74935990291,
Benin,Exports of goods and services,Current prices,Domestic currency,Annual,1979,87595077840,
Benin,Exports of goods and services,Current prices,Domestic currency,Annual,1999,5.21E+11,
Benin,Exports of goods and services,Current prices,Domestic currency,Annual,2000,5.15E+11,
Benin,Exports of goods and services,Current prices,Domestic currency,Annual,2001,5.33E+11,
Benin,Exports of goods and services,Current prices,Domestic currency,Annual,2002,5.74E+11,
Benin,Exports of goods and services,Current prices,Domestic currency,Annual,2003,5.78E+11,
Benin,Exports of goods and services,Current prices,Domestic currency,Annual,2004,6.04E+11,
Benin,Exports of goods and services,Current prices,Domestic currency,Annual,2005,6.40E+11,
Benin,Exports of goods and services,Current prices,Domestic currency,Annual,2006,6.64E+11,
Benin,Exports of goods and services,Current prices,Domestic currency,Annual,2007,8.62E+11,
Benin,Exports of goods and services,Current prices,Domestic currency,Annual,2008,9.67E+11,
Benin,Exports of goods and services,Current prices,Domestic currency,Annual,2009,9.13E+11,
Benin,Exports of goods and services,Current prices,Domestic currency,Annual,2010,1.09E+12,
Benin,Exports of goods and services,Current prices,Domestic currency,Annual,2011,1.05E+12,
Benin,Exports of goods and services,Current prices,Domestic currency,Annual,2012,1.36E+12,
Benin,Exports of goods and services,Current prices,Domestic currency,Annual,2013,1.70E+12,
Benin,Exports of goods and services,Current prices,Domestic currency,Annual,2014,2.06E+12,
Benin,Exports of goods and services,Current prices,Domestic currency,Annual,2015,1.66E+12,
Benin,Exports of goods and services,Current prices,Domestic currency,Annual,2016,1.93E+12,
Benin,Exports of goods and services,Current prices,Domestic currency,Annual,2017,2.01E+12,
Benin,Exports of goods and services,Current prices,Domestic currency,Annual,2018,2.16E+12,
Benin,Exports of goods and services,Current prices,Domestic currency,Annual,2019,2.50E+12,
Benin,Exports of goods and services,Current prices,Domestic currency,Annual,2020,1.79E+12,
Benin,Exports of goods and services,Current prices,Domestic currency,Annual,2021,2.05E+12,
Benin,Exports of goods and services,Current prices,Domestic currency,Annual,2022,2.35E+12,
Benin,Gross domestic product (GDP),Constant prices,Domestic currency,Annual,1962,9.91E+11,
Benin,Gross domestic product (GDP),Constant prices,Domestic currency,Annual,1963,1.11E+12,
Benin,Gross domestic product (GDP),Constant prices,Domestic currency,Annual,1964,1.19E+12,
Benin,Gross domestic product (GDP),Constant prices,Domestic currency,Annual,1965,1.25E+12,
Benin,Gross domestic product (GDP),Constant prices,Domestic currency,Annual,1966,1.30E+12,
Benin,Gross domestic product (GDP),Constant prices,Domestic currency,Annual,1967,1.32E+12,
Benin,Gross domestic product (GDP),Constant prices,Domestic currency,Annual,1968,1.36E+12,
Benin,Gross domestic product (GDP),Constant prices,Domestic currency,Annual,1969,1.39E+12,
Benin,Gross domestic product (GDP),Constant prices,Domestic currency,Annual,1970,1.42E+12,
Benin,Gross domestic product (GDP),Constant prices,Domestic currency,Annual,1971,1.44E+12,
Benin,Gross domestic product (GDP),Constant prices,Domestic currency,Annual,1972,1.57E+12,
Benin,Gross domestic product (GDP),Constant prices,Domestic currency,Annual,1973,1.61E+12,
Benin,Gross domestic product (GDP),Constant prices,Domestic currency,Annual,1974,1.49E+12,
Benin,Gross domestic product (GDP),Constant prices,Domestic currency,Annual,1975,1.55E+12,
Benin,Gross domestic product (GDP),Constant prices,Domestic currency,Annual,1976,1.62E+12,
Benin,Gross domestic product (GDP),Constant prices,Domestic currency,Annual,1977,1.71E+12,
Benin,Gross domestic product (GDP),Constant prices,Domestic currency,Annual,1978,1.76E+12,
Benin,Gross domestic product (GDP),Constant prices,Domestic currency,Annual,1979,1.84E+12,
Benin,Gross domestic product (GDP),Constant prices,Domestic currency,Annual,1999,3.47E+12,
Benin,Gross domestic product (GDP),Constant prices,Domestic currency,Annual,2000,3.68E+12,
Benin,Gross domestic product (GDP),Constant prices,Domestic currency,Annual,2001,3.87E+12,
Benin,Gross domestic product (GDP),Constant prices,Domestic currency,Annual,2002,4.05E+12,
Benin,Gross domestic product (GDP),Constant prices,Domestic currency,Annual,2003,4.19E+12,
Benin,Gross domestic product (GDP),Constant prices,Domestic currency,Annual,2004,4.38E+12,
Benin,Gross domestic product (GDP),Constant prices,Domestic currency,Annual,2005,4.45E+12,
Benin,Gross domestic product (GDP),Constant prices,Domestic currency,Annual,2006,4.63E+12,
Benin,Gross domestic product (GDP),Constant prices,Domestic currency,Annual,2007,4.91E+12,
Benin,Gross domestic product (GDP),Constant prices,Domestic currency,Annual,2008,5.15E+12,
Benin,Gross domestic product (GDP),Constant prices,Domestic currency,Annual,2009,5.27E+12,
Benin,Gross domestic product (GDP),Constant prices,Domestic currency,Annual,2010,5.38E+12,
Benin,Gross domestic product (GDP),Constant prices,Domestic currency,Annual,2011,5.54E+12,
Benin,Gross domestic product (GDP),Constant prices,Domestic currency,Annual,2012,5.80E+12,
Benin,Gross domestic product (GDP),Constant prices,Domestic currency,Annual,2013,6.22E+12,
Benin,Gross domestic product (GDP),Constant prices,Domestic currency,Annual,2014,6.62E+12,
Benin,Gross domestic product (GDP),Constant prices,Domestic currency,Annual,2015,6.73E+12,
Benin,Gross domestic product (GDP),Constant prices,Domestic currency,Annual,2016,6.96E+12,
Benin,Gross domestic product (GDP),Constant prices,Domestic currency,Annual,2017,7.35E+12,
Benin,Gross domestic product (GDP),Constant prices,Domestic currency,Annual,2018,7.84E+12,
Benin,Gross domestic product (GDP),Constant prices,Domestic currency,Annual,2019,8.38E+12,
Benin,Gross domestic product (GDP),Constant prices,Domestic currency,Annual,2020,8.71E+12,
Benin,Gross domestic product (GDP),Constant prices,Domestic currency,Annual,2021,9.33E+12,
Benin,Gross domestic product (GDP),Constant prices,Domestic currency,Annual,2022,9.91E+12,
Benin,Gross domestic product (GDP),Constant prices,Domestic currency,Annual,2023,1.05E+13,
Benin,Imports of goods,Current prices,Domestic currency,Annual,1952,5144636818,
Benin,Imports of goods,Current prices,Domestic currency,Annual,1953,3917776883,
Benin,Imports of goods,Current prices,Domestic currency,Annual,1954,5410457328,
Benin,Imports of goods,Current prices,Domestic currency,Annual,1955,5693997886,
Benin,Imports of goods,Current prices,Domestic currency,Annual,1956,5211433684,
Benin,Imports of goods,Current prices,Domestic currency,Annual,1957,5819409697,
Benin,Imports of goods,Current prices,Domestic currency,Annual,1958,5901201754,
Benin,Imports of goods,Current prices,Domestic currency,Annual,1959,5908017288,
Benin,Imports of goods,Current prices,Domestic currency,Annual,1960,10414687143,
Benin,Imports of goods,Current prices,Domestic currency,Annual,1961,8547131997,
Benin,Imports of goods,Current prices,Domestic currency,Annual,1962,9037856629,
Benin,Imports of goods,Current prices,Domestic currency,Annual,1963,11862187462,
Benin,Imports of goods,Current prices,Domestic currency,Annual,1964,10167587152,
Benin,Imports of goods,Current prices,Domestic currency,Annual,1965,10450020914,
Benin,Imports of goods,Current prices,Domestic currency,Annual,1966,11297321069,
Benin,Imports of goods,Current prices,Domestic currency,Annual,1967,15816248818,
Benin,Imports of goods,Current prices,Domestic currency,Annual,1968,14968948663,
Benin,Imports of goods,Current prices,Domestic currency,Annual,1969,17828581595,
Benin,Imports of goods,Current prices,Domestic currency,Annual,1970,20970639240,
Benin,Imports of goods,Current prices,Domestic currency,Annual,1971,25048537330,
Benin,Imports of goods,Current prices,Domestic currency,Annual,1972,27154284371,
Benin,Imports of goods,Current prices,Domestic currency,Annual,1973,29581645867,
Benin,Imports of goods,Current prices,Domestic currency,Annual,1974,41034219258,
Benin,Imports of goods,Current prices,Domestic currency,Annual,1975,50511574016,
Benin,Imports of goods,Current prices,Domestic currency,Annual,1976,57138600395,
Benin,Imports of goods,Current prices,Domestic currency,Annual,1977,67742572848,
Benin,Imports of goods,Current prices,Domestic currency,Annual,1978,76137848696,
Benin,Imports of goods,Current prices,Domestic currency,Annual,1979,88471716772,
Benin,Imports of goods,Current prices,Domestic currency,Annual,1999,6.53E+11,
Benin,Imports of goods,Current prices,Domestic currency,Annual,2000,6.09E+11,
Benin,Imports of goods,Current prices,Domestic currency,Annual,2001,6.81E+11,
Benin,Imports of goods,Current prices,Domestic currency,Annual,2002,6.27E+11,
Benin,Imports of goods,Current prices,Domestic currency,Annual,2003,6.48E+11,
Benin,Imports of goods,Current prices,Domestic currency,Annual,2004,6.28E+11,
Benin,Imports of goods,Current prices,Domestic currency,Annual,2005,6.51E+11,
Benin,Imports of goods,Current prices,Domestic currency,Annual,2006,7.22E+11,
Benin,Imports of goods,Current prices,Domestic currency,Annual,2007,9.71E+11,
Benin,Imports of goods,Current prices,Domestic currency,Annual,2008,1.02E+12,
Benin,Imports of goods,Current prices,Domestic currency,Annual,2009,1.02E+12,
Benin,Imports of goods,Current prices,Domestic currency,Annual,2010,1.22E+12,
Benin,Imports of goods,Current prices,Domestic currency,Annual,2011,1.22E+12,
Benin,Imports of goods,Current prices,Domestic currency,Annual,2012,1.39E+12,
Benin,Imports of goods,Current prices,Domestic currency,Annual,2013,1.76E+12,
Benin,Imports of goods,Current prices,Domestic currency,Annual,2014,2.01E+12,
Benin,Imports of goods,Current prices,Domestic currency,Annual,2015,1.92E+12,
Benin,Imports of goods,Current prices,Domestic currency,Annual,2016,1.96E+12,
Benin,Imports of goods,Current prices,Domestic currency,Annual,2017,2.25E+12,
Benin,Imports of goods,Current prices,Domestic currency,Annual,2018,2.43E+12,
Benin,Imports of goods,Current prices,Domestic currency,Annual,2019,2.57E+12,
Benin,Imports of goods,Current prices,Domestic currency,Annual,2020,2.04E+12,
Benin,Imports of goods,Current prices,Domestic currency,Annual,2021,2.44E+12,
Benin,Imports of goods,Current prices,Domestic currency,Annual,2022,2.90E+12,
Benin,Imports of goods,Constant prices,Domestic currency,Annual,1999,7.97E+11,
Benin,Imports of goods,Constant prices,Domestic currency,Annual,2000,7.00E+11,
Benin,Imports of goods,Constant prices,Domestic currency,Annual,2001,7.79E+11,
Benin,Imports of goods,Constant prices,Domestic currency,Annual,2002,7.58E+11,
Benin,Imports of goods,Constant prices,Domestic currency,Annual,2003,8.15E+11,
Benin,Imports of goods,Constant prices,Domestic currency,Annual,2004,7.75E+11,
Benin,Imports of goods,Constant prices,Domestic currency,Annual,2005,7.51E+11,
Benin,Imports of goods,Constant prices,Domestic currency,Annual,2006,7.99E+11,
Benin,Imports of goods,Constant prices,Domestic currency,Annual,2007,1.06E+12,
Benin,Imports of goods,Constant prices,Domestic currency,Annual,2008,1.10E+12,
Benin,Imports of goods,Constant prices,Domestic currency,Annual,2009,1.15E+12,
Benin,Imports of goods,Constant prices,Domestic currency,Annual,2010,1.23E+12,
Benin,Imports of goods,Constant prices,Domestic currency,Annual,2011,1.19E+12,
Benin,Imports of goods,Constant prices,Domestic currency,Annual,2012,1.31E+12,
Benin,Imports of goods,Constant prices,Domestic currency,Annual,2013,1.70E+12,
Benin,Imports of goods,Constant prices,Domestic currency,Annual,2014,1.97E+12,
Benin,Imports of goods,Constant prices,Domestic currency,Annual,2015,1.92E+12,
Benin,Imports of goods,Constant prices,Domestic currency,Annual,2016,1.98E+12,
Benin,Imports of goods,Constant prices,Domestic currency,Annual,2017,2.27E+12,
Benin,Imports of goods,Constant prices,Domestic currency,Annual,2018,2.39E+12,
Benin,Imports of goods,Constant prices,Domestic currency,Annual,2019,2.47E+12,
Benin,Imports of goods,Constant prices,Domestic currency,Annual,2020,2.01E+12,
Benin,Imports of goods,Constant prices,Domestic currency,Annual,2021,2.37E+12,
Benin,Imports of goods,Constant prices,Domestic currency,Annual,2022,2.80E+12,
Benin,Imports of goods and services,Current prices,Domestic currency,Annual,1969,54647244524,
Benin,Imports of goods and services,Current prices,Domestic currency,Annual,1970,59280101754,
Benin,Imports of goods and services,Current prices,Domestic currency,Annual,1971,61576228428,
Benin,Imports of goods and services,Current prices,Domestic currency,Annual,1972,74007451592,
Benin,Imports of goods and services,Current prices,Domestic currency,Annual,1973,77941133490,
Benin,Imports of goods and services,Current prices,Domestic currency,Annual,1974,88738425333,
Benin,Imports of goods and services,Current prices,Domestic currency,Annual,1975,77454569464,
Benin,Imports of goods and services,Current prices,Domestic currency,Annual,1976,78496358582,
Benin,Imports of goods and services,Current prices,Domestic currency,Annual,1977,89105162549,
Benin,Imports of goods and services,Current prices,Domestic currency,Annual,1978,96655948979,
Benin,Imports of goods and services,Current prices,Domestic currency,Annual,1979,1.12E+11,
Benin,Imports of goods and services,Current prices,Domestic currency,Annual,1999,7.10E+11,
Benin,Imports of goods and services,Current prices,Domestic currency,Annual,2000,6.69E+11,
Benin,Imports of goods and services,Current prices,Domestic currency,Annual,2001,7.62E+11,
Benin,Imports of goods and services,Current prices,Domestic currency,Annual,2002,7.00E+11,
Benin,Imports of goods and services,Current prices,Domestic currency,Annual,2003,7.13E+11,
Benin,Imports of goods and services,Current prices,Domestic currency,Annual,2004,6.98E+11,
Benin,Imports of goods and services,Current prices,Domestic currency,Annual,2005,7.14E+11,
Benin,Imports of goods and services,Current prices,Domestic currency,Annual,2006,7.98E+11,
Benin,Imports of goods and services,Current prices,Domestic currency,Annual,2007,1.06E+12,
Benin,Imports of goods and services,Current prices,Domestic currency,Annual,2008,1.12E+12,
Benin,Imports of goods and services,Current prices,Domestic currency,Annual,2009,1.13E+12,
Benin,Imports of goods and services,Current prices,Domestic currency,Annual,2010,1.34E+12,
Benin,Imports of goods and services,Current prices,Domestic currency,Annual,2011,1.33E+12,
Benin,Imports of goods and services,Current prices,Domestic currency,Annual,2012,1.53E+12,
Benin,Imports of goods and services,Current prices,Domestic currency,Annual,2013,1.96E+12,
Benin,Imports of goods and services,Current prices,Domestic currency,Annual,2014,2.22E+12,
Benin,Imports of goods and services,Current prices,Domestic currency,Annual,2015,2.16E+12,
Benin,Imports of goods and services,Current prices,Domestic currency,Annual,2016,2.20E+12,
Benin,Imports of goods and services,Current prices,Domestic currency,Annual,2017,2.53E+12,
Benin,Imports of goods and services,Current prices,Domestic currency,Annual,2018,2.73E+12,
Benin,Imports of goods and services,Current prices,Domestic currency,Annual,2019,2.87E+12,
Benin,Imports of goods and services,Current prices,Domestic currency,Annual,2020,2.25E+12,
Benin,Imports of goods and services,Current prices,Domestic currency,Annual,2021,2.66E+12,
Benin,Imports of goods and services,Current prices,Domestic currency,Annual,2022,3.18E+12,
Benin,Imports of goods and services,Constant prices,Domestic currency,Annual,1999,8.80E+11,
Benin,Imports of goods and services,Constant prices,Domestic currency,Annual,2000,7.87E+11,
Benin,Imports of goods and services,Constant prices,Domestic currency,Annual,2001,8.93E+11,
Benin,Imports of goods and services,Constant prices,Domestic currency,Annual,2002,8.62E+11,
Benin,Imports of goods and services,Constant prices,Domestic currency,Annual,2003,9.06E+11,
Benin,Imports of goods and services,Constant prices,Domestic currency,Annual,2004,8.71E+11,
Benin,Imports of goods and services,Constant prices,Domestic currency,Annual,2005,8.33E+11,
Benin,Imports of goods and services,Constant prices,Domestic currency,Annual,2006,8.95E+11,
Benin,Imports of goods and services,Constant prices,Domestic currency,Annual,2007,1.17E+12,
Benin,Imports of goods and services,Constant prices,Domestic currency,Annual,2008,1.22E+12,
Benin,Imports of goods and services,Constant prices,Domestic currency,Annual,2009,1.27E+12,
Benin,Imports of goods and services,Constant prices,Domestic currency,Annual,2010,1.37E+12,
Benin,Imports of goods and services,Constant prices,Domestic currency,Annual,2011,1.30E+12,
Benin,Imports of goods and services,Constant prices,Domestic currency,Annual,2012,1.45E+12,
Benin,Imports of goods and services,Constant prices,Domestic currency,Annual,2013,1.90E+12,
Benin,Imports of goods and services,Constant prices,Domestic currency,Annual,2014,2.18E+12,
Benin,Imports of goods and services,Constant prices,Domestic currency,Annual,2015,2.16E+12,
Benin,Imports of goods and services,Constant prices,Domestic currency,Annual,2016,2.23E+12,
Benin,Imports of goods and services,Constant prices,Domestic currency,Annual,2017,2.55E+12,
Benin,Imports of goods and services,Constant prices,Domestic currency,Annual,2018,2.67E+12,
Benin,Imports of goods and services,Constant prices,Domestic currency,Annual,2019,2.76E+12,
Benin,Imports of goods and services,Constant prices,Domestic currency,Annual,2020,2.21E+12,
Benin,Imports of goods and services,Constant prices,Domestic currency,Annual,2021,2.59E+12,
Benin,Imports of goods and services,Constant prices,Domestic currency,Annual,2022,3.06E+12,
Benin,Exports of services,Constant prices,Domestic currency,Annual,1999,1.86E+11,
Benin,Exports of services,Constant prices,Domestic currency,Annual,2000,1.31E+11,
Benin,Exports of services,Constant prices,Domestic currency,Annual,2001,1.39E+11,
Benin,Exports of services,Constant prices,Domestic currency,Annual,2002,1.35E+11,
Benin,Exports of services,Constant prices,Domestic currency,Annual,2003,1.27E+11,
Benin,Exports of services,Constant prices,Domestic currency,Annual,2004,1.52E+11,
Benin,Exports of services,Constant prices,Domestic currency,Annual,2005,1.30E+11,
Benin,Exports of services,Constant prices,Domestic currency,Annual,2006,1.40E+11,
Benin,Exports of services,Constant prices,Domestic currency,Annual,2007,1.78E+11,
Benin,Exports of services,Constant prices,Domestic currency,Annual,2008,1.84E+11,
Benin,Exports of services,Constant prices,Domestic currency,Annual,2009,1.53E+11,
Benin,Exports of services,Constant prices,Domestic currency,Annual,2010,1.94E+11,
Benin,Exports of services,Constant prices,Domestic currency,Annual,2011,2.16E+11,
Benin,Exports of services,Constant prices,Domestic currency,Annual,2012,2.39E+11,
Benin,Exports of services,Constant prices,Domestic currency,Annual,2013,2.47E+11,
Benin,Exports of services,Constant prices,Domestic currency,Annual,2014,2.40E+11,
Benin,Exports of services,Constant prices,Domestic currency,Annual,2015,2.50E+11,
Benin,Exports of services,Constant prices,Domestic currency,Annual,2016,2.55E+11,
Benin,Exports of services,Constant prices,Domestic currency,Annual,2017,2.73E+11,
Benin,Exports of services,Constant prices,Domestic currency,Annual,2018,2.86E+11,
Benin,Exports of services,Constant prices,Domestic currency,Annual,2019,3.27E+11,
Benin,Exports of services,Constant prices,Domestic currency,Annual,2020,2.58E+11,
Benin,Exports of services,Constant prices,Domestic currency,Annual,2021,2.67E+11,
Benin,Exports of services,Constant prices,Domestic currency,Annual,2022,3.10E+11,
Benin,Imports of services,Current prices,Domestic currency,Annual,1969,36818662929,
Benin,Imports of services,Current prices,Domestic currency,Annual,1970,38309462514,
Benin,Imports of services,Current prices,Domestic currency,Annual,1971,36527691098,
Benin,Imports of services,Current prices,Domestic currency,Annual,1972,46853167221,
Benin,Imports of services,Current prices,Domestic currency,Annual,1973,48359487622,
Benin,Imports of services,Current prices,Domestic currency,Annual,1974,47704206075,
Benin,Imports of services,Current prices,Domestic currency,Annual,1975,26942995448,
Benin,Imports of services,Current prices,Domestic currency,Annual,1976,21357758187,
Benin,Imports of services,Current prices,Domestic currency,Annual,1977,21362589701,
Benin,Imports of services,Current prices,Domestic currency,Annual,1978,20518100283,
Benin,Imports of services,Current prices,Domestic currency,Annual,1979,23367740309,
Benin,Imports of services,Current prices,Domestic currency,Annual,1999,57065874895,
Benin,Imports of services,Current prices,Domestic currency,Annual,2000,59995097627,
Benin,Imports of services,Current prices,Domestic currency,Annual,2001,80804683819,
Benin,Imports of services,Current prices,Domestic currency,Annual,2002,72156303521,
Benin,Imports of services,Current prices,Domestic currency,Annual,2003,64438384586,
Benin,Imports of services,Current prices,Domestic currency,Annual,2004,70055641232,
Benin,Imports of services,Current prices,Domestic currency,Annual,2005,62783204000,
Benin,Imports of services,Current prices,Domestic currency,Annual,2006,76226215165,
Benin,Imports of services,Current prices,Domestic currency,Annual,2007,87649147353,
Benin,Imports of services,Current prices,Domestic currency,Annual,2008,97463391034,
Benin,Imports of services,Current prices,Domestic currency,Annual,2009,1.13E+11,
Benin,Imports of services,Current prices,Domestic currency,Annual,2010,1.21E+11,
Benin,Imports of services,Current prices,Domestic currency,Annual,2011,1.08E+11,
Benin,Imports of services,Current prices,Domestic currency,Annual,2012,1.35E+11,
Benin,Imports of services,Current prices,Domestic currency,Annual,2013,1.93E+11,
Benin,Imports of services,Current prices,Domestic currency,Annual,2014,2.11E+11,
Benin,Imports of services,Current prices,Domestic currency,Annual,2015,2.39E+11,
Benin,Imports of services,Current prices,Domestic currency,Annual,2016,2.34E+11,
Benin,Imports of services,Current prices,Domestic currency,Annual,2017,2.77E+11,
Benin,Imports of services,Current prices,Domestic currency,Annual,2018,3.00E+11,
Benin,Imports of services,Current prices,Domestic currency,Annual,2019,3.05E+11,
Benin,Imports of services,Current prices,Domestic currency,Annual,2020,2.11E+11,
Benin,Imports of services,Current prices,Domestic currency,Annual,2021,2.21E+11,
Benin,Imports of services,Current prices,Domestic currency,Annual,2022,2.76E+11,
Benin,Imports of services,Constant prices,Domestic currency,Annual,1999,83038516423,
Benin,Imports of services,Constant prices,Domestic currency,Annual,2000,86927284662,
Benin,Imports of services,Constant prices,Domestic currency,Annual,2001,1.13E+11,
Benin,Imports of services,Constant prices,Domestic currency,Annual,2002,1.03E+11,
Benin,Imports of services,Constant prices,Domestic currency,Annual,2003,90543284359,
Benin,Imports of services,Constant prices,Domestic currency,Annual,2004,96603211221,
Benin,Imports of services,Constant prices,Domestic currency,Annual,2005,82258205717,
Benin,Imports of services,Constant prices,Domestic currency,Annual,2006,96248040833,
Benin,Imports of services,Constant prices,Domestic currency,Annual,2007,1.07E+11,
Benin,Imports of services,Constant prices,Domestic currency,Annual,2008,1.11E+11,
Benin,Imports of services,Constant prices,Domestic currency,Annual,2009,1.27E+11,
Benin,Imports of services,Constant prices,Domestic currency,Annual,2010,1.38E+11,
Benin,Imports of services,Constant prices,Domestic currency,Annual,2011,1.19E+11,
Benin,Imports of services,Constant prices,Domestic currency,Annual,2012,1.38E+11,
Benin,Imports of services,Constant prices,Domestic currency,Annual,2013,1.95E+11,
Benin,Imports of services,Constant prices,Domestic currency,Annual,2014,2.09E+11,
Benin,Imports of services,Constant prices,Domestic currency,Annual,2015,2.39E+11,
Benin,Imports of services,Constant prices,Domestic currency,Annual,2016,2.51E+11,
Benin,Imports of services,Constant prices,Domestic currency,Annual,2017,2.74E+11,
Benin,Imports of services,Constant prices,Domestic currency,Annual,2018,2.84E+11,
Benin,Imports of services,Constant prices,Domestic currency,Annual,2019,2.93E+11,
Benin,Imports of services,Constant prices,Domestic currency,Annual,2020,2.08E+11,
Benin,Imports of services,Constant prices,Domestic currency,Annual,2021,2.15E+11,
Benin,Imports of services,Constant prices,Domestic currency,Annual,2022,2.66E+11,
Benin,Final consumption expenditure,Constant prices,Domestic currency,Annual,1999,3.05E+12,
Benin,Final consumption expenditure,Constant prices,Domestic currency,Annual,2000,3.28E+12,
Benin,Final consumption expenditure,Constant prices,Domestic currency,Annual,2001,3.44E+12,
Benin,Final consumption expenditure,Constant prices,Domestic currency,Annual,2002,3.58E+12,
Benin,Final consumption expenditure,Constant prices,Domestic currency,Annual,2003,3.72E+12,
Benin,Final consumption expenditure,Constant prices,Domestic currency,Annual,2004,3.88E+12,
Benin,Final consumption expenditure,Constant prices,Domestic currency,Annual,2005,3.96E+12,
Benin,Final consumption expenditure,Constant prices,Domestic currency,Annual,2006,4.16E+12,
Benin,Final consumption expenditure,Constant prices,Domestic currency,Annual,2007,4.32E+12,
Benin,Final consumption expenditure,Constant prices,Domestic currency,Annual,2008,4.55E+12,
Benin,Final consumption expenditure,Constant prices,Domestic currency,Annual,2009,4.72E+12,
Benin,Final consumption expenditure,Constant prices,Domestic currency,Annual,2010,4.81E+12,
Benin,Final consumption expenditure,Constant prices,Domestic currency,Annual,2011,4.99E+12,
Benin,Final consumption expenditure,Constant prices,Domestic currency,Annual,2012,5.10E+12,
Benin,Final consumption expenditure,Constant prices,Domestic currency,Annual,2013,5.33E+12,
Benin,Final consumption expenditure,Constant prices,Domestic currency,Annual,2014,5.49E+12,
Benin,Final consumption expenditure,Constant prices,Domestic currency,Annual,2015,5.83E+12,
Benin,Final consumption expenditure,Constant prices,Domestic currency,Annual,2016,5.88E+12,
Benin,Final consumption expenditure,Constant prices,Domestic currency,Annual,2017,6.11E+12,
Benin,Final consumption expenditure,Constant prices,Domestic currency,Annual,2018,6.34E+12,
Benin,Final consumption expenditure,Constant prices,Domestic currency,Annual,2019,6.58E+12,
Benin,Final consumption expenditure,Constant prices,Domestic currency,Annual,2020,6.89E+12,
Benin,Final consumption expenditure,Constant prices,Domestic currency,Annual,2021,7.26E+12,
Benin,Final consumption expenditure,Constant prices,Domestic currency,Annual,2022,7.61E+12,
Benin,"Final consumption expenditure, General government",Current prices,Domestic currency,Annual,1963,67995435822,
Benin,"Final consumption expenditure, General government",Current prices,Domestic currency,Annual,1964,75712491706,
Benin,"Final consumption expenditure, General government",Current prices,Domestic currency,Annual,1965,82025545249,
Benin,"Final consumption expenditure, General government",Current prices,Domestic currency,Annual,1966,88055754354,
Benin,"Final consumption expenditure, General government",Current prices,Domestic currency,Annual,1967,92092015895,
Benin,"Final consumption expenditure, General government",Current prices,Domestic currency,Annual,1968,98565036326,
Benin,"Final consumption expenditure, General government",Current prices,Domestic currency,Annual,1969,13560693748,
Benin,"Final consumption expenditure, General government",Current prices,Domestic currency,Annual,1970,14710349369,
Benin,"Final consumption expenditure, General government",Current prices,Domestic currency,Annual,1971,15411544322,
Benin,"Final consumption expenditure, General government",Current prices,Domestic currency,Annual,1972,17443425675,
Benin,"Final consumption expenditure, General government",Current prices,Domestic currency,Annual,1973,19066817304,
Benin,"Final consumption expenditure, General government",Current prices,Domestic currency,Annual,1974,20171987162,
Benin,"Final consumption expenditure, General government",Current prices,Domestic currency,Annual,1975,13809783431,
Benin,"Final consumption expenditure, General government",Current prices,Domestic currency,Annual,1976,15588942135,
Benin,"Final consumption expenditure, General government",Current prices,Domestic currency,Annual,1977,18098051167,
Benin,"Final consumption expenditure, General government",Current prices,Domestic currency,Annual,1978,20214602001,
Benin,"Final consumption expenditure, General government",Current prices,Domestic currency,Annual,1979,20468344473,
Benin,"Final consumption expenditure, General government",Current prices,Domestic currency,Annual,1999,1.84E+11,
Benin,"Final consumption expenditure, General government",Current prices,Domestic currency,Annual,2000,2.02E+11,
Benin,"Final consumption expenditure, General government",Current prices,Domestic currency,Annual,2001,2.17E+11,
Benin,"Final consumption expenditure, General government",Current prices,Domestic currency,Annual,2002,2.27E+11,
Benin,"Final consumption expenditure, General government",Current prices,Domestic currency,Annual,2003,2.74E+11,
Benin,"Final consumption expenditure, General government",Current prices,Domestic currency,Annual,2004,2.88E+11,
Benin,"Final consumption expenditure, General government",Current prices,Domestic currency,Annual,2005,3.11E+11,
Benin,"Final consumption expenditure, General government",Current prices,Domestic currency,Annual,2006,3.55E+11,
Benin,"Final consumption expenditure, General government",Current prices,Domestic currency,Annual,2007,3.74E+11,
Benin,"Final consumption expenditure, General government",Current prices,Domestic currency,Annual,2008,4.47E+11,
Benin,"Final consumption expenditure, General government",Current prices,Domestic currency,Annual,2009,5.17E+11,
Benin,"Final consumption expenditure, General government",Current prices,Domestic currency,Annual,2010,5.29E+11,
Benin,"Final consumption expenditure, General government",Current prices,Domestic currency,Annual,2011,5.55E+11,
Benin,"Final consumption expenditure, General government",Current prices,Domestic currency,Annual,2012,6.33E+11,
Benin,"Final consumption expenditure, General government",Current prices,Domestic currency,Annual,2013,6.83E+11,
Benin,"Final consumption expenditure, General government",Current prices,Domestic currency,Annual,2014,6.68E+11,
Benin,"Final consumption expenditure, General government",Current prices,Domestic currency,Annual,2015,7.68E+11,
Benin,"Final consumption expenditure, General government",Current prices,Domestic currency,Annual,2016,7.20E+11,
Benin,"Final consumption expenditure, General government",Current prices,Domestic currency,Annual,2017,7.73E+11,
Benin,"Final consumption expenditure, General government",Current prices,Domestic currency,Annual,2018,8.25E+11,
Benin,"Final consumption expenditure, General government",Current prices,Domestic currency,Annual,2019,8.72E+11,
Benin,"Final consumption expenditure, General government",Current prices,Domestic currency,Annual,2020,1.03E+12,
Benin,"Final consumption expenditure, General government",Current prices,Domestic currency,Annual,2021,9.88E+11,
Benin,"Final consumption expenditure, General government",Current prices,Domestic currency,Annual,2022,1.09E+12,
Benin,"Final consumption expenditure, General government",Constant prices,Domestic currency,Annual,1999,2.68E+11,
Benin,"Final consumption expenditure, General government",Constant prices,Domestic currency,Annual,2000,2.82E+11,
Benin,"Final consumption expenditure, General government",Constant prices,Domestic currency,Annual,2001,3.12E+11,
Benin,"Final consumption expenditure, General government",Constant prices,Domestic currency,Annual,2002,3.22E+11,
Benin,"Final consumption expenditure, General government",Constant prices,Domestic currency,Annual,2003,3.70E+11,
Benin,"Final consumption expenditure, General government",Constant prices,Domestic currency,Annual,2004,3.92E+11,
Benin,"Final consumption expenditure, General government",Constant prices,Domestic currency,Annual,2005,4.09E+11,
Benin,"Final consumption expenditure, General government",Constant prices,Domestic currency,Annual,2006,4.47E+11,
Benin,"Final consumption expenditure, General government",Constant prices,Domestic currency,Annual,2007,4.65E+11,
Benin,"Final consumption expenditure, General government",Constant prices,Domestic currency,Annual,2008,5.33E+11,
Benin,"Final consumption expenditure, General government",Constant prices,Domestic currency,Annual,2009,5.86E+11,
Benin,"Final consumption expenditure, General government",Constant prices,Domestic currency,Annual,2010,5.93E+11,
Benin,"Final consumption expenditure, General government",Constant prices,Domestic currency,Annual,2011,6.12E+11,
Benin,"Final consumption expenditure, General government",Constant prices,Domestic currency,Annual,2012,6.42E+11,
Benin,"Final consumption expenditure, General government",Constant prices,Domestic currency,Annual,2013,6.92E+11,
Benin,"Final consumption expenditure, General government",Constant prices,Domestic currency,Annual,2014,6.77E+11,
Benin,"Final consumption expenditure, General government",Constant prices,Domestic currency,Annual,2015,7.68E+11,
Benin,"Final consumption expenditure, General government",Constant prices,Domestic currency,Annual,2016,7.20E+11,
Benin,"Final consumption expenditure, General government",Constant prices,Domestic currency,Annual,2017,7.70E+11,
Benin,"Final consumption expenditure, General government",Constant prices,Domestic currency,Annual,2018,8.17E+11,
Benin,"Final consumption expenditure, General government",Constant prices,Domestic currency,Annual,2019,8.64E+11,
Benin,"Final consumption expenditure, General government",Constant prices,Domestic currency,Annual,2020,9.89E+11,
Benin,"Final consumption expenditure, General government",Constant prices,Domestic currency,Annual,2021,1.07E+12,
Benin,"Final consumption expenditure, General government",Constant prices,Domestic currency,Annual,2022,1.11E+12,
Benin,Gross capital formation,Current prices,Domestic currency,Annual,1969,1069243322,
Benin,Gross capital formation,Current prices,Domestic currency,Annual,1970,1159898516,
Benin,Gross capital formation,Current prices,Domestic currency,Annual,1971,-609288228.5,
Benin,Gross capital formation,Current prices,Domestic currency,Annual,1972,14169173002,
Benin,Gross capital formation,Current prices,Domestic currency,Annual,1973,5311135289,
Benin,Gross capital formation,Current prices,Domestic currency,Annual,1974,27253086626,
Benin,Gross capital formation,Current prices,Domestic currency,Annual,1975,76206351653,
Benin,Gross capital formation,Current prices,Domestic currency,Annual,1976,55234647283,
Benin,Gross capital formation,Current prices,Domestic currency,Annual,1977,57146608154,
Benin,Gross capital formation,Current prices,Domestic currency,Annual,1978,54494403975,
Benin,Gross capital formation,Current prices,Domestic currency,Annual,1979,1.18E+11,
Benin,Gross capital formation,Current prices,Domestic currency,Annual,1999,4.13E+11,
Benin,Gross capital formation,Current prices,Domestic currency,Annual,2000,4.00E+11,
Benin,Gross capital formation,Current prices,Domestic currency,Annual,2001,4.77E+11,
Benin,Gross capital formation,Current prices,Domestic currency,Annual,2002,4.32E+11,
Benin,Gross capital formation,Current prices,Domestic currency,Annual,2003,4.70E+11,
Benin,Gross capital formation,Current prices,Domestic currency,Annual,2004,4.97E+11,
Benin,Gross capital formation,Current prices,Domestic currency,Annual,2005,4.19E+11,
Benin,Gross capital formation,Current prices,Domestic currency,Annual,2006,4.73E+11,
Benin,Gross capital formation,Current prices,Domestic currency,Annual,2007,6.40E+11,
Benin,Gross capital formation,Current prices,Domestic currency,Annual,2008,6.00E+11,
Benin,Gross capital formation,Current prices,Domestic currency,Annual,2009,6.81E+11,
Benin,Gross capital formation,Current prices,Domestic currency,Annual,2010,7.36E+11,
Benin,Gross capital formation,Current prices,Domestic currency,Annual,2011,8.30E+11,
Benin,Gross capital formation,Current prices,Domestic currency,Annual,2012,8.69E+11,
Benin,Gross capital formation,Current prices,Domestic currency,Annual,2013,1.17E+12,
Benin,Gross capital formation,Current prices,Domestic currency,Annual,2014,1.26E+12,
Benin,Gross capital formation,Current prices,Domestic currency,Annual,2015,1.40E+12,
Benin,Gross capital formation,Current prices,Domestic currency,Annual,2016,1.42E+12,
Benin,Gross capital formation,Current prices,Domestic currency,Annual,2017,1.77E+12,
Benin,Gross capital formation,Current prices,Domestic currency,Annual,2018,2.09E+12,
Benin,Gross capital formation,Current prices,Domestic currency,Annual,2019,2.16E+12,
Benin,Gross capital formation,Current prices,Domestic currency,Annual,2020,2.31E+12,
Benin,Gross capital formation,Current prices,Domestic currency,Annual,2021,2.83E+12,
Benin,Gross capital formation,Current prices,Domestic currency,Annual,2022,3.96E+12,
Benin,Gross capital formation,Constant prices,Domestic currency,Annual,1999,5.06E+11,
Benin,Gross capital formation,Constant prices,Domestic currency,Annual,2000,4.77E+11,
Benin,Gross capital formation,Constant prices,Domestic currency,Annual,2001,5.84E+11,
Benin,Gross capital formation,Constant prices,Domestic currency,Annual,2002,5.13E+11,
Benin,Gross capital formation,Constant prices,Domestic currency,Annual,2003,5.46E+11,
Benin,Gross capital formation,Constant prices,Domestic currency,Annual,2004,5.83E+11,
Benin,Gross capital formation,Constant prices,Domestic currency,Annual,2005,4.51E+11,
Benin,Gross capital formation,Constant prices,Domestic currency,Annual,2006,4.98E+11,
Benin,Gross capital formation,Constant prices,Domestic currency,Annual,2007,6.52E+11,
Benin,Gross capital formation,Constant prices,Domestic currency,Annual,2008,5.95E+11,
Benin,Gross capital formation,Constant prices,Domestic currency,Annual,2009,6.65E+11,
Benin,Gross capital formation,Constant prices,Domestic currency,Annual,2010,7.22E+11,
Benin,Gross capital formation,Constant prices,Domestic currency,Annual,2011,7.59E+11,
Benin,Gross capital formation,Constant prices,Domestic currency,Annual,2012,7.97E+11,
Benin,Gross capital formation,Constant prices,Domestic currency,Annual,2013,1.12E+12,
Benin,Gross capital formation,Constant prices,Domestic currency,Annual,2014,1.23E+12,
Benin,Gross capital formation,Constant prices,Domestic currency,Annual,2015,1.40E+12,
Benin,Gross capital formation,Constant prices,Domestic currency,Annual,2016,1.42E+12,
Benin,Gross capital formation,Constant prices,Domestic currency,Annual,2017,1.77E+12,
Benin,Gross capital formation,Constant prices,Domestic currency,Annual,2018,2.05E+12,
Benin,Gross capital formation,Constant prices,Domestic currency,Annual,2019,2.26E+12,
Benin,Gross capital formation,Constant prices,Domestic currency,Annual,2020,2.30E+12,
Benin,Gross capital formation,Constant prices,Domestic currency,Annual,2021,2.71E+12,
Benin,Gross capital formation,Constant prices,Domestic currency,Annual,2022,3.05E+12,
Benin,Gross fixed capital formation,Constant prices,Domestic currency,Annual,1999,4.92E+11,
Benin,Gross fixed capital formation,Constant prices,Domestic currency,Annual,2000,4.89E+11,
Benin,Gross fixed capital formation,Constant prices,Domestic currency,Annual,2001,5.69E+11,
Benin,Gross fixed capital formation,Constant prices,Domestic currency,Annual,2002,5.42E+11,
Benin,Gross fixed capital formation,Constant prices,Domestic currency,Annual,2003,5.86E+11,
Benin,Gross fixed capital formation,Constant prices,Domestic currency,Annual,2004,5.74E+11,
Benin,Gross fixed capital formation,Constant prices,Domestic currency,Annual,2005,5.26E+11,
Benin,Gross fixed capital formation,Constant prices,Domestic currency,Annual,2006,5.17E+11,
Benin,Gross fixed capital formation,Constant prices,Domestic currency,Annual,2007,6.46E+11,
Benin,Gross fixed capital formation,Constant prices,Domestic currency,Annual,2008,6.52E+11,
Benin,Gross fixed capital formation,Constant prices,Domestic currency,Annual,2009,7.03E+11,
Benin,Gross fixed capital formation,Constant prices,Domestic currency,Annual,2010,7.73E+11,
Benin,Gross fixed capital formation,Constant prices,Domestic currency,Annual,2011,8.04E+11,
Benin,Gross fixed capital formation,Constant prices,Domestic currency,Annual,2012,8.01E+11,
Benin,Gross fixed capital formation,Constant prices,Domestic currency,Annual,2013,1.17E+12,
Benin,Gross fixed capital formation,Constant prices,Domestic currency,Annual,2014,1.31E+12,
Benin,Gross fixed capital formation,Constant prices,Domestic currency,Annual,2015,1.38E+12,
Benin,Gross fixed capital formation,Constant prices,Domestic currency,Annual,2016,1.38E+12,
Benin,Gross fixed capital formation,Constant prices,Domestic currency,Annual,2017,1.74E+12,
Benin,Gross fixed capital formation,Constant prices,Domestic currency,Annual,2018,2.02E+12,
Benin,Gross fixed capital formation,Constant prices,Domestic currency,Annual,2019,2.23E+12,
Benin,Gross fixed capital formation,Constant prices,Domestic currency,Annual,2020,2.27E+12,
Benin,Gross fixed capital formation,Constant prices,Domestic currency,Annual,2021,2.68E+12,
Benin,Gross fixed capital formation,Constant prices,Domestic currency,Annual,2022,3.02E+12,
Benin,Final consumption expenditure,Current prices,Domestic currency,Annual,1969,2.17E+11,
Benin,Final consumption expenditure,Current prices,Domestic currency,Annual,1970,2.35E+11,
Benin,Final consumption expenditure,Current prices,Domestic currency,Annual,1971,2.46E+11,
Benin,Final consumption expenditure,Current prices,Domestic currency,Annual,1972,2.79E+11,
Benin,Final consumption expenditure,Current prices,Domestic currency,Annual,1973,3.05E+11,
Benin,Final consumption expenditure,Current prices,Domestic currency,Annual,1974,3.22E+11,
Benin,Final consumption expenditure,Current prices,Domestic currency,Annual,1975,2.21E+11,
Benin,Final consumption expenditure,Current prices,Domestic currency,Annual,1976,2.49E+11,
Benin,Final consumption expenditure,Current prices,Domestic currency,Annual,1977,2.89E+11,
Benin,Final consumption expenditure,Current prices,Domestic currency,Annual,1978,3.23E+11,
Benin,Final consumption expenditure,Current prices,Domestic currency,Annual,1979,3.57E+11,
Benin,Final consumption expenditure,Current prices,Domestic currency,Annual,1999,2.04E+12,
Benin,Final consumption expenditure,Current prices,Domestic currency,Annual,2000,2.25E+12,
Benin,Final consumption expenditure,Current prices,Domestic currency,Annual,2001,2.44E+12,
Benin,Final consumption expenditure,Current prices,Domestic currency,Annual,2002,2.60E+12,
Benin,Final consumption expenditure,Current prices,Domestic currency,Annual,2003,2.77E+12,
Benin,Final consumption expenditure,Current prices,Domestic currency,Annual,2004,2.86E+12,
Benin,Final consumption expenditure,Current prices,Domestic currency,Annual,2005,3.12E+12,
Benin,Final consumption expenditure,Current prices,Domestic currency,Annual,2006,3.34E+12,
Benin,Final consumption expenditure,Current prices,Domestic currency,Annual,2007,3.47E+12,
Benin,Final consumption expenditure,Current prices,Domestic currency,Annual,2008,3.92E+12,
Benin,Final consumption expenditure,Current prices,Domestic currency,Annual,2009,4.12E+12,
Benin,Final consumption expenditure,Current prices,Domestic currency,Annual,2010,4.23E+12,
Benin,Final consumption expenditure,Current prices,Domestic currency,Annual,2011,4.49E+12,
Benin,Final consumption expenditure,Current prices,Domestic currency,Annual,2012,4.99E+12,
Benin,Final consumption expenditure,Current prices,Domestic currency,Annual,2013,5.27E+12,
Benin,Final consumption expenditure,Current prices,Domestic currency,Annual,2014,5.45E+12,
Benin,Final consumption expenditure,Current prices,Domestic currency,Annual,2015,5.83E+12,
Benin,Final consumption expenditure,Current prices,Domestic currency,Annual,2016,5.85E+12,
Benin,Final consumption expenditure,Current prices,Domestic currency,Annual,2017,6.13E+12,
Benin,Final consumption expenditure,Current prices,Domestic currency,Annual,2018,6.41E+12,
Benin,Final consumption expenditure,Current prices,Domestic currency,Annual,2019,6.64E+12,
Benin,Final consumption expenditure,Current prices,Domestic currency,Annual,2020,7.16E+12,
Benin,Final consumption expenditure,Current prices,Domestic currency,Annual,2021,7.59E+12,
Benin,Final consumption expenditure,Current prices,Domestic currency,Annual,2022,7.72E+12,
Benin,"Final consumption expenditure, Private sector",Constant prices,Domestic currency,Annual,1999,2.78E+12,
Benin,"Final consumption expenditure, Private sector",Constant prices,Domestic currency,Annual,2000,2.99E+12,
Benin,"Final consumption expenditure, Private sector",Constant prices,Domestic currency,Annual,2001,3.12E+12,
Benin,"Final consumption expenditure, Private sector",Constant prices,Domestic currency,Annual,2002,3.26E+12,
Benin,"Final consumption expenditure, Private sector",Constant prices,Domestic currency,Annual,2003,3.35E+12,
Benin,"Final consumption expenditure, Private sector",Constant prices,Domestic currency,Annual,2004,3.48E+12,
Benin,"Final consumption expenditure, Private sector",Constant prices,Domestic currency,Annual,2005,3.56E+12,
Benin,"Final consumption expenditure, Private sector",Constant prices,Domestic currency,Annual,2006,3.71E+12,
Benin,"Final consumption expenditure, Private sector",Constant prices,Domestic currency,Annual,2007,3.85E+12,
Benin,"Final consumption expenditure, Private sector",Constant prices,Domestic currency,Annual,2008,4.02E+12,
Benin,"Final consumption expenditure, Private sector",Constant prices,Domestic currency,Annual,2009,4.13E+12,
Benin,"Final consumption expenditure, Private sector",Constant prices,Domestic currency,Annual,2010,4.22E+12,
Benin,"Final consumption expenditure, Private sector",Constant prices,Domestic currency,Annual,2011,4.37E+12,
Benin,"Final consumption expenditure, Private sector",Constant prices,Domestic currency,Annual,2012,4.46E+12,
Benin,"Final consumption expenditure, Private sector",Constant prices,Domestic currency,Annual,2013,4.64E+12,
Benin,"Final consumption expenditure, Private sector",Constant prices,Domestic currency,Annual,2014,4.81E+12,
Benin,"Final consumption expenditure, Private sector",Constant prices,Domestic currency,Annual,2015,5.06E+12,
Benin,"Final consumption expenditure, Private sector",Constant prices,Domestic currency,Annual,2016,5.16E+12,
Benin,"Final consumption expenditure, Private sector",Constant prices,Domestic currency,Annual,2017,5.34E+12,
Benin,"Final consumption expenditure, Private sector",Constant prices,Domestic currency,Annual,2018,5.53E+12,
Benin,"Final consumption expenditure, Private sector",Constant prices,Domestic currency,Annual,2019,5.72E+12,
Benin,"Final consumption expenditure, Private sector",Constant prices,Domestic currency,Annual,2020,5.90E+12,
Benin,"Final consumption expenditure, Private sector",Constant prices,Domestic currency,Annual,2021,6.19E+12,
Benin,"Final consumption expenditure, Private sector",Constant prices,Domestic currency,Annual,2022,6.49E+12,
Benin,"Final consumption expenditure, Private sector",Current prices,Domestic currency,Annual,1969,2.03E+11,
Benin,"Final consumption expenditure, Private sector",Current prices,Domestic currency,Annual,1970,2.20E+11,
Benin,"Final consumption expenditure, Private sector",Current prices,Domestic currency,Annual,1971,2.31E+11,
Benin,"Final consumption expenditure, Private sector",Current prices,Domestic currency,Annual,1972,2.61E+11,
Benin,"Final consumption expenditure, Private sector",Current prices,Domestic currency,Annual,1973,2.86E+11,
Benin,"Final consumption expenditure, Private sector",Current prices,Domestic currency,Annual,1974,3.02E+11,
Benin,"Final consumption expenditure, Private sector",Current prices,Domestic currency,Annual,1975,2.07E+11,
Benin,"Final consumption expenditure, Private sector",Current prices,Domestic currency,Annual,1976,2.34E+11,
Benin,"Final consumption expenditure, Private sector",Current prices,Domestic currency,Annual,1977,2.71E+11,
Benin,"Final consumption expenditure, Private sector",Current prices,Domestic currency,Annual,1978,3.02E+11,
Benin,"Final consumption expenditure, Private sector",Current prices,Domestic currency,Annual,1979,3.36E+11,
Benin,"Final consumption expenditure, Private sector",Current prices,Domestic currency,Annual,1999,1.86E+12,
Benin,"Final consumption expenditure, Private sector",Current prices,Domestic currency,Annual,2000,2.05E+12,
Benin,"Final consumption expenditure, Private sector",Current prices,Domestic currency,Annual,2001,2.22E+12,
Benin,"Final consumption expenditure, Private sector",Current prices,Domestic currency,Annual,2002,2.38E+12,
Benin,"Final consumption expenditure, Private sector",Current prices,Domestic currency,Annual,2003,2.49E+12,
Benin,"Final consumption expenditure, Private sector",Current prices,Domestic currency,Annual,2004,2.57E+12,
Benin,"Final consumption expenditure, Private sector",Current prices,Domestic currency,Annual,2005,2.81E+12,
Benin,"Final consumption expenditure, Private sector",Current prices,Domestic currency,Annual,2006,2.98E+12,
Benin,"Final consumption expenditure, Private sector",Current prices,Domestic currency,Annual,2007,3.09E+12,
Benin,"Final consumption expenditure, Private sector",Current prices,Domestic currency,Annual,2008,3.47E+12,
Benin,"Final consumption expenditure, Private sector",Current prices,Domestic currency,Annual,2009,3.60E+12,
Benin,"Final consumption expenditure, Private sector",Current prices,Domestic currency,Annual,2010,3.70E+12,
Benin,"Final consumption expenditure, Private sector",Current prices,Domestic currency,Annual,2011,3.93E+12,
Benin,"Final consumption expenditure, Private sector",Current prices,Domestic currency,Annual,2012,4.35E+12,
Benin,"Final consumption expenditure, Private sector",Current prices,Domestic currency,Annual,2013,4.58E+12,
Benin,"Final consumption expenditure, Private sector",Current prices,Domestic currency,Annual,2014,4.79E+12,
Benin,"Final consumption expenditure, Private sector",Current prices,Domestic currency,Annual,2015,5.06E+12,
Benin,"Final consumption expenditure, Private sector",Current prices,Domestic currency,Annual,2016,5.13E+12,
Benin,"Final consumption expenditure, Private sector",Current prices,Domestic currency,Annual,2017,5.36E+12,
Benin,"Final consumption expenditure, Private sector",Current prices,Domestic currency,Annual,2018,5.58E+12,
Benin,"Final consumption expenditure, Private sector",Current prices,Domestic currency,Annual,2019,5.77E+12,
Benin,"Final consumption expenditure, Private sector",Current prices,Domestic currency,Annual,2020,6.13E+12,
Benin,"Final consumption expenditure, Private sector",Current prices,Domestic currency,Annual,2021,6.60E+12,
Benin,"Final consumption expenditure, Private sector",Current prices,Domestic currency,Annual,2022,6.63E+12,
Benin,Statistical discrepancy (expenditure approach),Current prices,Domestic currency,Annual,1969,42925861074,
Benin,Statistical discrepancy (expenditure approach),Current prices,Domestic currency,Annual,1970,46564981101,
Benin,Statistical discrepancy (expenditure approach),Current prices,Domestic currency,Annual,1971,50079516943,
Benin,Statistical discrepancy (expenditure approach),Current prices,Domestic currency,Annual,1972,46136195749,
Benin,Statistical discrepancy (expenditure approach),Current prices,Domestic currency,Annual,1973,57652708343,
Benin,Statistical discrepancy (expenditure approach),Current prices,Domestic currency,Annual,1974,45639929409,
Benin,Statistical discrepancy (expenditure approach),Current prices,Domestic currency,Annual,1975,-9599588758,
Benin,Statistical discrepancy (expenditure approach),Current prices,Domestic currency,Annual,1976,11016352206,
Benin,Statistical discrepancy (expenditure approach),Current prices,Domestic currency,Annual,1977,17742225143,
Benin,Statistical discrepancy (expenditure approach),Current prices,Domestic currency,Annual,1978,26380982436,
Benin,Statistical discrepancy (expenditure approach),Current prices,Domestic currency,Annual,1979,-1888547607,
Benin,Changes in inventories,Constant prices,Domestic currency,Annual,1999,14660737239,
Benin,Changes in inventories,Constant prices,Domestic currency,Annual,2000,-12663866098,
Benin,Changes in inventories,Constant prices,Domestic currency,Annual,2001,14648291650,
Benin,Changes in inventories,Constant prices,Domestic currency,Annual,2002,-28494311269,
Benin,Changes in inventories,Constant prices,Domestic currency,Annual,2003,-39490619507,
Benin,Changes in inventories,Constant prices,Domestic currency,Annual,2004,8487895730,
Benin,Changes in inventories,Constant prices,Domestic currency,Annual,2005,-75339277630,
Benin,Changes in inventories,Constant prices,Domestic currency,Annual,2006,-19435483309,
Benin,Changes in inventories,Constant prices,Domestic currency,Annual,2007,6343257367,
Benin,Changes in inventories,Constant prices,Domestic currency,Annual,2008,-57515170804,
Benin,Changes in inventories,Constant prices,Domestic currency,Annual,2009,-38212601438,
Benin,Changes in inventories,Constant prices,Domestic currency,Annual,2010,-50511120940,
Benin,Changes in inventories,Constant prices,Domestic currency,Annual,2011,-45036028714,
Benin,Changes in inventories,Constant prices,Domestic currency,Annual,2012,-3661854475,
Benin,Changes in inventories,Constant prices,Domestic currency,Annual,2013,-50409312302,
Benin,Changes in inventories,Constant prices,Domestic currency,Annual,2014,-89636441787,
Benin,Changes in inventories,Constant prices,Domestic currency,Annual,2015,15898071289,
Benin,Changes in inventories,Constant prices,Domestic currency,Annual,2016,33318969727,
Benin,Changes in inventories,Constant prices,Domestic currency,Annual,2017,33318969727,
Benin,Changes in inventories,Constant prices,Domestic currency,Annual,2018,33318969727,
Benin,Changes in inventories,Constant prices,Domestic currency,Annual,2019,28819091797,
Benin,Changes in inventories,Constant prices,Domestic currency,Annual,2020,23799804688,
Benin,Changes in inventories,Constant prices,Domestic currency,Annual,2021,28819091797,
Benin,Changes in inventories,Constant prices,Domestic currency,Annual,2022,28870117188,
Benin,Changes in inventories,Current prices,Domestic currency,Annual,1969,-67362948753,
Benin,Changes in inventories,Current prices,Domestic currency,Annual,1970,-73073764480,
Benin,Changes in inventories,Current prices,Domestic currency,Annual,1971,-78381454793,
Benin,Changes in inventories,Current prices,Domestic currency,Annual,1972,-73856606005,
Benin,Changes in inventories,Current prices,Domestic currency,Annual,1973,-90906823849,
Benin,Changes in inventories,Current prices,Domestic currency,Annual,1974,-74542131482,
Benin,Changes in inventories,Current prices,Domestic currency,Annual,1975,6517255898,
Benin,Changes in inventories,Current prices,Domestic currency,Annual,1976,-23432839903,
Benin,Changes in inventories,Current prices,Domestic currency,Annual,1977,-34182718907,
Benin,Changes in inventories,Current prices,Domestic currency,Annual,1978,-47345058080,
Benin,Changes in inventories,Current prices,Domestic currency,Annual,1979,-1956102319,
Benin,Changes in inventories,Current prices,Domestic currency,Annual,1999,-41478724061,
Benin,Changes in inventories,Current prices,Domestic currency,Annual,2000,-67938978987,
Benin,Changes in inventories,Current prices,Domestic currency,Annual,2001,-35186200849,
Benin,Changes in inventories,Current prices,Domestic currency,Annual,2002,-60492373516,
Benin,Changes in inventories,Current prices,Domestic currency,Annual,2003,-73816144785,
Benin,Changes in inventories,Current prices,Domestic currency,Annual,2004,-28338217660,
Benin,Changes in inventories,Current prices,Domestic currency,Annual,2005,-1.02E+11,
Benin,Changes in inventories,Current prices,Domestic currency,Annual,2006,-47332042887,
Benin,Changes in inventories,Current prices,Domestic currency,Annual,2007,-26613609364,
Benin,Changes in inventories,Current prices,Domestic currency,Annual,2008,-91873669348,
Benin,Changes in inventories,Current prices,Domestic currency,Annual,2009,-77854680756,
Benin,Changes in inventories,Current prices,Domestic currency,Annual,2010,-96339849738,
Benin,Changes in inventories,Current prices,Domestic currency,Annual,2011,-88882262921,
Benin,Changes in inventories,Current prices,Domestic currency,Annual,2012,-52773956611,
Benin,Changes in inventories,Current prices,Domestic currency,Annual,2013,-1.14E+11,
Benin,Changes in inventories,Current prices,Domestic currency,Annual,2014,-1.56E+11,
Benin,Changes in inventories,Current prices,Domestic currency,Annual,2015,15898071289,
Benin,Changes in inventories,Current prices,Domestic currency,Annual,2016,38497070313,
Benin,Changes in inventories,Current prices,Domestic currency,Annual,2017,38497070313,
Benin,Changes in inventories,Current prices,Domestic currency,Annual,2018,38496826172,
Benin,Changes in inventories,Current prices,Domestic currency,Annual,2019,38497070313,
Benin,Changes in inventories,Current prices,Domestic currency,Annual,2020,38500000000,
Benin,Changes in inventories,Current prices,Domestic currency,Annual,2021,39550292969,
Benin,Changes in inventories,Current prices,Domestic currency,Annual,2022,42639404297,
Benin,External balance of goods and services,Current prices,Domestic currency,Annual,1999,-1.89E+11,
Benin,External balance of goods and services,Current prices,Domestic currency,Annual,2000,-1.53E+11,
Benin,External balance of goods and services,Current prices,Domestic currency,Annual,2001,-2.29E+11,
Benin,External balance of goods and services,Current prices,Domestic currency,Annual,2002,-1.26E+11,
Benin,External balance of goods and services,Current prices,Domestic currency,Annual,2003,-1.34E+11,
Benin,External balance of goods and services,Current prices,Domestic currency,Annual,2004,-93869228539,
Benin,External balance of goods and services,Current prices,Domestic currency,Annual,2005,-73689831142,
Benin,External balance of goods and services,Current prices,Domestic currency,Annual,2006,-1.34E+11,
Benin,External balance of goods and services,Current prices,Domestic currency,Annual,2007,-1.97E+11,
Benin,External balance of goods and services,Current prices,Domestic currency,Annual,2008,-1.52E+11,
Benin,External balance of goods and services,Current prices,Domestic currency,Annual,2009,-2.22E+11,
Benin,External balance of goods and services,Current prices,Domestic currency,Annual,2010,-2.49E+11,
Benin,External balance of goods and services,Current prices,Domestic currency,Annual,2011,-2.78E+11,
Benin,External balance of goods and services,Current prices,Domestic currency,Annual,2012,-1.67E+11,
Benin,External balance of goods and services,Current prices,Domestic currency,Annual,2013,-2.51E+11,
Benin,External balance of goods and services,Current prices,Domestic currency,Annual,2014,-1.58E+11,
Benin,External balance of goods and services,Current prices,Domestic currency,Annual,2015,-4.93E+11,
Benin,External balance of goods and services,Current prices,Domestic currency,Annual,2016,-2.64E+11,
Benin,External balance of goods and services,Current prices,Domestic currency,Annual,2017,-5.21E+11,
Benin,External balance of goods and services,Current prices,Domestic currency,Annual,2018,-5.74E+11,
Benin,External balance of goods and services,Current prices,Domestic currency,Annual,2019,-3.73E+11,
Benin,External balance of goods and services,Current prices,Domestic currency,Annual,2020,-4.58E+11,
Benin,External balance of goods and services,Current prices,Domestic currency,Annual,2021,-6.10E+11,
Benin,External balance of goods and services,Current prices,Domestic currency,Annual,2022,-8.28E+11,
Benin,External balance of goods and services,Constant prices,Domestic currency,Annual,1999,-84550952499,
Benin,External balance of goods and services,Constant prices,Domestic currency,Annual,2000,-75491919828,
Benin,External balance of goods and services,Constant prices,Domestic currency,Annual,2001,-1.47E+11,
Benin,External balance of goods and services,Constant prices,Domestic currency,Annual,2002,-41794678558,
Benin,External balance of goods and services,Constant prices,Domestic currency,Annual,2003,-71160992682,
Benin,External balance of goods and services,Constant prices,Domestic currency,Annual,2004,-80203377266,
Benin,External balance of goods and services,Constant prices,Domestic currency,Annual,2005,37600598316,
Benin,External balance of goods and services,Constant prices,Domestic currency,Annual,2006,-26818651000,
Benin,External balance of goods and services,Constant prices,Domestic currency,Annual,2007,-61571925790,
Benin,External balance of goods and services,Constant prices,Domestic currency,Annual,2008,765959293.8,
Benin,External balance of goods and services,Constant prices,Domestic currency,Annual,2009,-1.16E+11,
Benin,External balance of goods and services,Constant prices,Domestic currency,Annual,2010,-1.54E+11,
Benin,External balance of goods and services,Constant prices,Domestic currency,Annual,2011,-2.09E+11,
Benin,External balance of goods and services,Constant prices,Domestic currency,Annual,2012,-93796309144,
Benin,External balance of goods and services,Constant prices,Domestic currency,Annual,2013,-2.32E+11,
Benin,External balance of goods and services,Constant prices,Domestic currency,Annual,2014,-95018383072,
Benin,External balance of goods and services,Constant prices,Domestic currency,Annual,2015,-4.93E+11,
Benin,External balance of goods and services,Constant prices,Domestic currency,Annual,2016,-3.39E+11,
Benin,External balance of goods and services,Constant prices,Domestic currency,Annual,2017,-5.26E+11,
Benin,External balance of goods and services,Constant prices,Domestic currency,Annual,2018,-5.49E+11,
Benin,External balance of goods and services,Constant prices,Domestic currency,Annual,2019,-4.56E+11,
Benin,External balance of goods and services,Constant prices,Domestic currency,Annual,2020,-4.85E+11,
Benin,External balance of goods and services,Constant prices,Domestic currency,Annual,2021,-6.40E+11,
Benin,External balance of goods and services,Constant prices,Domestic currency,Annual,2022,-7.46E+11,
Benin,Gross fixed capital formation,Current prices,Domestic currency,Annual,1969,68432192075,
Benin,Gross fixed capital formation,Current prices,Domestic currency,Annual,1970,74233662996,
Benin,Gross fixed capital formation,Current prices,Domestic currency,Annual,1971,77772166565,
Benin,Gross fixed capital formation,Current prices,Domestic currency,Annual,1972,88025779007,
Benin,Gross fixed capital formation,Current prices,Domestic currency,Annual,1973,96217959138,
Benin,Gross fixed capital formation,Current prices,Domestic currency,Annual,1974,1.02E+11,
Benin,Gross fixed capital formation,Current prices,Domestic currency,Annual,1975,69689095755,
Benin,Gross fixed capital formation,Current prices,Domestic currency,Annual,1976,78667487186,
Benin,Gross fixed capital formation,Current prices,Domestic currency,Annual,1977,91329327061,
Benin,Gross fixed capital formation,Current prices,Domestic currency,Annual,1978,1.02E+11,
Benin,Gross fixed capital formation,Current prices,Domestic currency,Annual,1979,1.20E+11,
Benin,Gross fixed capital formation,Current prices,Domestic currency,Annual,1999,4.54E+11,
Benin,Gross fixed capital formation,Current prices,Domestic currency,Annual,2000,4.68E+11,
Benin,Gross fixed capital formation,Current prices,Domestic currency,Annual,2001,5.12E+11,
Benin,Gross fixed capital formation,Current prices,Domestic currency,Annual,2002,4.92E+11,
Benin,Gross fixed capital formation,Current prices,Domestic currency,Annual,2003,5.44E+11,
Benin,Gross fixed capital formation,Current prices,Domestic currency,Annual,2004,5.25E+11,
Benin,Gross fixed capital formation,Current prices,Domestic currency,Annual,2005,5.21E+11,
Benin,Gross fixed capital formation,Current prices,Domestic currency,Annual,2006,5.20E+11,
Benin,Gross fixed capital formation,Current prices,Domestic currency,Annual,2007,6.67E+11,
Benin,Gross fixed capital formation,Current prices,Domestic currency,Annual,2008,6.92E+11,
Benin,Gross fixed capital formation,Current prices,Domestic currency,Annual,2009,7.59E+11,
Benin,Gross fixed capital formation,Current prices,Domestic currency,Annual,2010,8.33E+11,
Benin,Gross fixed capital formation,Current prices,Domestic currency,Annual,2011,9.18E+11,
Benin,Gross fixed capital formation,Current prices,Domestic currency,Annual,2012,9.22E+11,
Benin,Gross fixed capital formation,Current prices,Domestic currency,Annual,2013,1.28E+12,
Benin,Gross fixed capital formation,Current prices,Domestic currency,Annual,2014,1.42E+12,
Benin,Gross fixed capital formation,Current prices,Domestic currency,Annual,2015,1.38E+12,
Benin,Gross fixed capital formation,Current prices,Domestic currency,Annual,2016,1.38E+12,
Benin,Gross fixed capital formation,Current prices,Domestic currency,Annual,2017,1.73E+12,
Benin,Gross fixed capital formation,Current prices,Domestic currency,Annual,2018,2.05E+12,
Benin,Gross fixed capital formation,Current prices,Domestic currency,Annual,2019,2.12E+12,
Benin,Gross fixed capital formation,Current prices,Domestic currency,Annual,2020,2.27E+12,
Benin,Gross fixed capital formation,Current prices,Domestic currency,Annual,2021,2.79E+12,
Benin,Gross fixed capital formation,Current prices,Domestic currency,Annual,2022,3.92E+12,
Benin,Statistical discrepancy (expenditure approach),Current prices,US dollar,Annual,1969,165124504.7,
Benin,Statistical discrepancy (expenditure approach),Current prices,US dollar,Annual,1970,168467628.9,
Benin,Statistical discrepancy (expenditure approach),Current prices,US dollar,Annual,1971,181871591.3,
Benin,Statistical discrepancy (expenditure approach),Current prices,US dollar,Annual,1972,183060072.5,
Benin,Statistical discrepancy (expenditure approach),Current prices,US dollar,Annual,1973,258660862.6,
Benin,Statistical discrepancy (expenditure approach),Current prices,US dollar,Annual,1974,189609656.8,
Benin,Statistical discrepancy (expenditure approach),Current prices,US dollar,Annual,1975,-44792398.13,
Benin,Statistical discrepancy (expenditure approach),Current prices,US dollar,Annual,1976,46103073.53,
Benin,Statistical discrepancy (expenditure approach),Current prices,US dollar,Annual,1977,72216899.13,
Benin,Statistical discrepancy (expenditure approach),Current prices,US dollar,Annual,1978,116908031.6,
Benin,Statistical discrepancy (expenditure approach),Current prices,US dollar,Annual,1979,-8878022.8,
Benin,"Final consumption expenditure, Households",Constant prices,Domestic currency,Annual,1999,2.78E+12,
Benin,"Final consumption expenditure, Households",Constant prices,Domestic currency,Annual,2000,2.99E+12,
Benin,"Final consumption expenditure, Households",Constant prices,Domestic currency,Annual,2001,3.12E+12,
Benin,"Final consumption expenditure, Households",Constant prices,Domestic currency,Annual,2002,3.26E+12,
Benin,"Final consumption expenditure, Households",Constant prices,Domestic currency,Annual,2003,3.35E+12,
Benin,"Final consumption expenditure, Households",Constant prices,Domestic currency,Annual,2004,3.48E+12,
Benin,"Final consumption expenditure, Households",Constant prices,Domestic currency,Annual,2005,3.56E+12,
Benin,"Final consumption expenditure, Households",Constant prices,Domestic currency,Annual,2006,3.71E+12,
Benin,"Final consumption expenditure, Households",Constant prices,Domestic currency,Annual,2007,3.85E+12,
Benin,"Final consumption expenditure, Households",Constant prices,Domestic currency,Annual,2008,4.02E+12,
Benin,"Final consumption expenditure, Households",Constant prices,Domestic currency,Annual,2009,4.13E+12,
Benin,"Final consumption expenditure, Households",Constant prices,Domestic currency,Annual,2010,4.22E+12,
Benin,"Final consumption expenditure, Households",Constant prices,Domestic currency,Annual,2011,4.37E+12,
Benin,"Final consumption expenditure, Households",Constant prices,Domestic currency,Annual,2012,4.46E+12,
Benin,"Final consumption expenditure, Households",Constant prices,Domestic currency,Annual,2013,4.64E+12,
Benin,"Final consumption expenditure, Households",Constant prices,Domestic currency,Annual,2014,4.81E+12,
Benin,"Final consumption expenditure, Households",Constant prices,Domestic currency,Annual,2015,5.06E+12,
Benin,"Final consumption expenditure, Households",Constant prices,Domestic currency,Annual,2016,5.16E+12,
Benin,"Final consumption expenditure, Households",Constant prices,Domestic currency,Annual,2017,5.34E+12,
Benin,"Final consumption expenditure, Households",Constant prices,Domestic currency,Annual,2018,5.53E+12,
Benin,"Final consumption expenditure, Households",Constant prices,Domestic currency,Annual,2019,5.72E+12,
Benin,"Final consumption expenditure, Households",Constant prices,Domestic currency,Annual,2020,5.90E+12,
Benin,"Final consumption expenditure, Households",Constant prices,Domestic currency,Annual,2021,6.19E+12,
Benin,"Final consumption expenditure, Households",Constant prices,Domestic currency,Annual,2022,6.49E+12,
Benin,"Final consumption expenditure, Households",Current prices,Domestic currency,Annual,1999,1.86E+12,
Benin,"Final consumption expenditure, Households",Current prices,Domestic currency,Annual,2000,2.05E+12,
Benin,"Final consumption expenditure, Households",Current prices,Domestic currency,Annual,2001,2.22E+12,
Benin,"Final consumption expenditure, Households",Current prices,Domestic currency,Annual,2002,2.38E+12,
Benin,"Final consumption expenditure, Households",Current prices,Domestic currency,Annual,2003,2.49E+12,
Benin,"Final consumption expenditure, Households",Current prices,Domestic currency,Annual,2004,2.57E+12,
Benin,"Final consumption expenditure, Households",Current prices,Domestic currency,Annual,2005,2.81E+12,
Benin,"Final consumption expenditure, Households",Current prices,Domestic currency,Annual,2006,2.98E+12,
Benin,"Final consumption expenditure, Households",Current prices,Domestic currency,Annual,2007,3.09E+12,
Benin,"Final consumption expenditure, Households",Current prices,Domestic currency,Annual,2008,3.47E+12,
Benin,"Final consumption expenditure, Households",Current prices,Domestic currency,Annual,2009,3.60E+12,
Benin,"Final consumption expenditure, Households",Current prices,Domestic currency,Annual,2010,3.70E+12,
Benin,"Final consumption expenditure, Households",Current prices,Domestic currency,Annual,2011,3.93E+12,
Benin,"Final consumption expenditure, Households",Current prices,Domestic currency,Annual,2012,4.35E+12,
Benin,"Final consumption expenditure, Households",Current prices,Domestic currency,Annual,2013,4.58E+12,
Benin,"Final consumption expenditure, Households",Current prices,Domestic currency,Annual,2014,4.79E+12,
Benin,"Final consumption expenditure, Households",Current prices,Domestic currency,Annual,2015,5.06E+12,
Benin,"Final consumption expenditure, Households",Current prices,Domestic currency,Annual,2016,5.13E+12,
Benin,"Final consumption expenditure, Households",Current prices,Domestic currency,Annual,2017,5.36E+12,
Benin,"Final consumption expenditure, Households",Current prices,Domestic currency,Annual,2018,5.58E+12,
Benin,"Final consumption expenditure, Households",Current prices,Domestic currency,Annual,2019,5.77E+12,
Benin,"Final consumption expenditure, Households",Current prices,Domestic currency,Annual,2020,6.13E+12,
Benin,"Final consumption expenditure, Households",Current prices,Domestic currency,Annual,2021,6.60E+12,
Benin,"Final consumption expenditure, Households",Current prices,Domestic currency,Annual,2022,6.63E+12,
Benin,Gross domestic product (GDP),Price deflator,Index,Annual,1962,17.04,
Benin,Gross domestic product (GDP),Price deflator,Index,Annual,1963,17.38,
Benin,Gross domestic product (GDP),Price deflator,Index,Annual,1964,17.94,
Benin,Gross domestic product (GDP),Price deflator,Index,Annual,1965,18.49,
Benin,Gross domestic product (GDP),Price deflator,Index,Annual,1966,19.08,
Benin,Gross domestic product (GDP),Price deflator,Index,Annual,1967,19.7,
Benin,Gross domestic product (GDP),Price deflator,Index,Annual,1968,20.48,
Benin,Gross domestic product (GDP),Price deflator,Index,Annual,1969,21.07,
Benin,Gross domestic product (GDP),Price deflator,Index,Annual,1970,22.4,
Benin,Gross domestic product (GDP),Price deflator,Index,Annual,1971,23.02,
Benin,Gross domestic product (GDP),Price deflator,Index,Annual,1972,23.92,
Benin,Gross domestic product (GDP),Price deflator,Index,Annual,1973,25.56,
Benin,Gross domestic product (GDP),Price deflator,Index,Annual,1974,29.24,
Benin,Gross domestic product (GDP),Price deflator,Index,Annual,1975,19.18,
Benin,Gross domestic product (GDP),Price deflator,Index,Annual,1976,20.77,
Benin,Gross domestic product (GDP),Price deflator,Index,Annual,1977,22.81,
Benin,Gross domestic product (GDP),Price deflator,Index,Annual,1978,24.75,
Benin,Gross domestic product (GDP),Price deflator,Index,Annual,1979,27.69,
Benin,Gross domestic product (GDP),Price deflator,Index,Annual,1999,74.26,
Benin,Gross domestic product (GDP),Price deflator,Index,Annual,2000,77.48,
Benin,Gross domestic product (GDP),Price deflator,Index,Annual,2001,79.01,
Benin,Gross domestic product (GDP),Price deflator,Index,Annual,2002,81.82,
Benin,Gross domestic product (GDP),Price deflator,Index,Annual,2003,84.32,
Benin,Gross domestic product (GDP),Price deflator,Index,Annual,2004,84.97,
Benin,Gross domestic product (GDP),Price deflator,Index,Annual,2005,88.62,
Benin,Gross domestic product (GDP),Price deflator,Index,Annual,2006,90.47,
Benin,Gross domestic product (GDP),Price deflator,Index,Annual,2007,90.83,
Benin,Gross domestic product (GDP),Price deflator,Index,Annual,2008,96.67,
Benin,Gross domestic product (GDP),Price deflator,Index,Annual,2009,99.13,
Benin,Gross domestic product (GDP),Price deflator,Index,Annual,2010,100,
Benin,Gross domestic product (GDP),Price deflator,Index,Annual,2011,103.73,
Benin,Gross domestic product (GDP),Price deflator,Index,Annual,2012,111.72,
Benin,Gross domestic product (GDP),Price deflator,Index,Annual,2013,113.28,
Benin,Gross domestic product (GDP),Price deflator,Index,Annual,2014,113,
Benin,Gross domestic product (GDP),Price deflator,Index,Annual,2015,113.96,
Benin,Gross domestic product (GDP),Price deflator,Index,Annual,2016,114.74,
Benin,Gross domestic product (GDP),Price deflator,Index,Annual,2017,114.32,
Benin,Gross domestic product (GDP),Price deflator,Index,Annual,2018,115.09,
Benin,Gross domestic product (GDP),Price deflator,Index,Annual,2019,114.63,
Benin,Gross domestic product (GDP),Price deflator,Index,Annual,2020,117.93,
Benin,Gross domestic product (GDP),Price deflator,Index,Annual,2021,119.84,
Benin,Gross domestic product (GDP),Price deflator,Index,Annual,2022,124.8,
Benin,Gross domestic product (GDP),Price deflator,Index,Annual,2023,129.02,
Benin,"Changes in inventories, Private sector",Current prices,Domestic currency,Annual,1999,-41478724061,
Benin,"Changes in inventories, Private sector",Current prices,Domestic currency,Annual,2000,-67938978987,
Benin,"Changes in inventories, Private sector",Current prices,Domestic currency,Annual,2001,-35186200849,
Benin,"Changes in inventories, Private sector",Current prices,Domestic currency,Annual,2002,-60492373516,
Benin,"Changes in inventories, Private sector",Current prices,Domestic currency,Annual,2003,-73816144785,
Benin,"Changes in inventories, Private sector",Current prices,Domestic currency,Annual,2004,-28338217660,
Benin,"Changes in inventories, Private sector",Current prices,Domestic currency,Annual,2005,-1.02E+11,
Benin,"Changes in inventories, Private sector",Current prices,Domestic currency,Annual,2006,-47332042887,
Benin,"Changes in inventories, Private sector",Current prices,Domestic currency,Annual,2007,-26613609364,
Benin,"Changes in inventories, Private sector",Current prices,Domestic currency,Annual,2008,-91873669348,
Benin,"Changes in inventories, Private sector",Current prices,Domestic currency,Annual,2009,-77854680756,
Benin,"Changes in inventories, Private sector",Current prices,Domestic currency,Annual,2010,-96339849738,
Benin,"Changes in inventories, Private sector",Current prices,Domestic currency,Annual,2011,-88882262921,
Benin,"Changes in inventories, Private sector",Current prices,Domestic currency,Annual,2012,-52773956611,
Benin,"Changes in inventories, Private sector",Current prices,Domestic currency,Annual,2013,-1.14E+11,
Benin,"Changes in inventories, Private sector",Current prices,Domestic currency,Annual,2014,-1.56E+11,
Benin,"Changes in inventories, Private sector",Current prices,Domestic currency,Annual,2015,15898071289,
Benin,"Changes in inventories, Private sector",Current prices,Domestic currency,Annual,2016,38497070313,
Benin,"Changes in inventories, Private sector",Current prices,Domestic currency,Annual,2017,38497070313,
Benin,"Changes in inventories, Private sector",Current prices,Domestic currency,Annual,2018,38496826172,
Benin,"Changes in inventories, Private sector",Current prices,Domestic currency,Annual,2019,38497070313,
Benin,"Changes in inventories, Private sector",Current prices,Domestic currency,Annual,2020,38500000000,
Benin,"Changes in inventories, Private sector",Current prices,Domestic currency,Annual,2021,39550292969,
Benin,"Changes in inventories, Private sector",Current prices,Domestic currency,Annual,2022,42639404297,
Benin,"Changes in inventories, Private sector",Constant prices,Domestic currency,Annual,1999,14660737239,
Benin,"Changes in inventories, Private sector",Constant prices,Domestic currency,Annual,2000,-12663866098,
Benin,"Changes in inventories, Private sector",Constant prices,Domestic currency,Annual,2001,14648291650,
Benin,"Changes in inventories, Private sector",Constant prices,Domestic currency,Annual,2002,-28494311269,
Benin,"Changes in inventories, Private sector",Constant prices,Domestic currency,Annual,2003,-39490619507,
Benin,"Changes in inventories, Private sector",Constant prices,Domestic currency,Annual,2004,8487895730,
Benin,"Changes in inventories, Private sector",Constant prices,Domestic currency,Annual,2005,-75339277630,
Benin,"Changes in inventories, Private sector",Constant prices,Domestic currency,Annual,2006,-19435483309,
Benin,"Changes in inventories, Private sector",Constant prices,Domestic currency,Annual,2007,6343257367,
Benin,"Changes in inventories, Private sector",Constant prices,Domestic currency,Annual,2008,-57515170804,
Benin,"Changes in inventories, Private sector",Constant prices,Domestic currency,Annual,2009,-38212601438,
Benin,"Changes in inventories, Private sector",Constant prices,Domestic currency,Annual,2010,-50511120940,
Benin,"Changes in inventories, Private sector",Constant prices,Domestic currency,Annual,2011,-45036028714,
Benin,"Changes in inventories, Private sector",Constant prices,Domestic currency,Annual,2012,-3661854475,
Benin,"Changes in inventories, Private sector",Constant prices,Domestic currency,Annual,2013,-50409312302,
Benin,"Changes in inventories, Private sector",Constant prices,Domestic currency,Annual,2014,-89636441787,
Benin,"Changes in inventories, Private sector",Constant prices,Domestic currency,Annual,2015,15898071289,
Benin,"Changes in inventories, Private sector",Constant prices,Domestic currency,Annual,2016,33318969727,
Benin,"Changes in inventories, Private sector",Constant prices,Domestic currency,Annual,2017,33318969727,
Benin,"Changes in inventories, Private sector",Constant prices,Domestic currency,Annual,2018,33318969727,
Benin,"Changes in inventories, Private sector",Constant prices,Domestic currency,Annual,2019,28819091797,
Benin,"Changes in inventories, Private sector",Constant prices,Domestic currency,Annual,2020,23799804688,
Benin,"Changes in inventories, Private sector",Constant prices,Domestic currency,Annual,2021,28819091797,
Benin,"Changes in inventories, Private sector",Constant prices,Domestic currency,Annual,2022,28870117188,
Benin,Gross domestic product (GDP),Constant prices,US dollar,Annual,,,
,Gross fixed capital formation,Current prices,US dollar,,,,
Benin,"Final consumption expenditure, General government",Current prices,US dollar,Annual,,,
Benin,"Final consumption expenditure, General government",Constant prices,US dollar,Annual,,,
Benin,"Final consumption expenditure, Households",Constant prices,US dollar,Annual,,,
Benin,"Final consumption expenditure, Households",Current prices,US dollar,Annual,,,
Benin,Gross domestic product (GDP),Current prices,US dollar,Annual,,,
,Gross domestic product (GDP),Current prices,US dollar,,,,
,Gross domestic product (GDP),Constant prices,US dollar,,,,
,Imports of goods and services,Constant prices,US dollar,,,,
,"Final consumption expenditure, General government",Constant prices,US dollar,,,,
,"Final consumption expenditure, Households",Constant prices,US dollar,,,,
,Changes in inventories,Current prices,US dollar,,,,
,Final consumption expenditure,Constant prices,US dollar,,,,
,"Final consumption expenditure, General government",Current prices,US dollar,,,,
,"Final consumption expenditure, Households",Current prices,US dollar,,,,
,"Changes in inventories, Private sector",Current prices,US dollar,,,,
,Exports of goods and services,Constant prices,US dollar,,,,
,Gross capital formation,Constant prices,US dollar,,,,
,Gross capital formation,Current prices,US dollar,,,,
,"Changes in inventories, Private sector",Constant prices,US dollar,,,,
,External balance of goods and services,Constant prices,US dollar,,,,
,Imports of goods and services,Current prices,US dollar,,,,
,Exports of goods and services,Current prices,US dollar,,,,
,Final consumption expenditure,Current prices,US dollar,,,,
,External balance of goods and services,Current prices,US dollar,,,,
,Gross fixed capital formation,Constant prices,US dollar,,,,
,Changes in inventories,Constant prices,US dollar,,,,
,Exports of services,Current prices,US dollar,,,,
,Exports of goods,Current prices,US dollar,,,,
,"Final consumption expenditure, Private sector",Constant prices,US dollar,,,,
,Exports of goods,Constant prices,US dollar,,,,
,Exports of services,Constant prices,US dollar,,,,
,Imports of goods,Constant prices,US dollar,,,,
,Statistical discrepancy (expenditure approach),Constant prices,US dollar,,,,
,Imports of goods,Current prices,US dollar,,,,
,Imports of services,Current prices,US dollar,,,,
Benin,"Final consumption expenditure, Private sector",Constant prices,US dollar,Annual,,,
Benin,"Final consumption expenditure, Private sector",Current prices,US dollar,Annual,,,
,Imports of services,Constant prices,US dollar,,,,
Benin,Gross fixed capital formation,Current prices,US dollar,Annual,,,
Benin,Gross fixed capital formation,Constant prices,US dollar,Annual,,,
,"Final consumption expenditure, Private sector",Current prices,US dollar,,,,
Benin,Changes in inventories,Constant prices,US dollar,Annual,,,
Benin,Gross capital formation,Constant prices,US dollar,Annual,,,
,Statistical discrepancy (expenditure approach),Constant prices,Domestic currency,,,,
Benin,Final consumption expenditure,Constant prices,US dollar,Annual,,,
Benin,External balance of goods and services,Constant prices,US dollar,Annual,,,
Benin,Final consumption expenditure,Current prices,US dollar,Annual,,,
Benin,Gross capital formation,Current prices,US dollar,Annual,,,
Benin,External balance of goods and services,Current prices,US dollar,Annual,,,
